[
  {
    "behaviors": ["change_hunger.js", "@hash/display-height-scale/display_height_scale.js"],
    "position": [0, 0],
    "height_scaling": {
      "field_bounds": [0, 50],
      "field": "hunger",
      "bounds": [0, 10],
      "scale": "linear"
    },
    "height": 0,
    "hunger": 0,
    "grow": true
  },
  {
    "behaviors": ["change_hunger.js", "@hash/display-height-scale/display_height_scale.js"],
    "position": [0, 3],
    "height_scaling": {
      "field_bounds": [0, 50],
      "field": "hunger",
      "bounds": [0, 10],
      "scale": "log"
    },
    "height": 0,
    "hunger": 0,
    "grow": true
  },    
  {
    "behaviors": ["change_hunger.js", "@hash/display-height-discrete/display_height_discrete.js"],
    "position": [3, 0],
    "height_discrete": {
      "field_values": [0, 15, 30, 45, 50],
      "field": "hunger",
      "discrete_heights": [0, 3, 6, 9, 10]
    },
    "height": 0,
    "hunger": 0,
    "grow": true
  },
  {
    "behaviors": ["change_hunger.js", "@hash/display-color-discrete/display_color_discrete.js"],
    "position": [6, 0],
    "color_discrete": {
      "field_values": [0, 15, 30, 45, 50],
      "field": "hunger",
      "discrete_colors": ["green", "blue", "purple", "orange", "red"]
    },
    "hunger": 0,
    "color": "green",
    "grow": true
  },
  {
    "behaviors": ["change_hunger.js", "@hash/display-rgb-scale/display_rgb_scale.js"],
    "position": [9, 0],
    "rgb_scaling": {
      "field_bounds": [0, 50],
      "field": "hunger",
      "bounds": [[0, 0, 255], [255, 0, 0]],
      "scale": "linear"
    },
    "rgb": [0, 0, 255],
    "hunger": 0,
    "grow": true
  },
  {
    "behaviors": ["change_hunger.js", "@hash/display-rgb-scale/display_rgb_scale.js"],
    "position": [9, 3],
    "rgb_scaling": {
      "field_bounds": [0, 50],
      "field": "hunger",
      "bounds": [[0, 0, 255], [255, 0, 0]],
      "scale": "log"
    },
    "rgb": [0, 0, 255],
    "hunger": 0,
    "grow": true
  },
  {
    "behaviors": ["change_hunger.js", "@hash/display-shape-discrete/display_shape_discrete.js"],
    "position": [12, 0],
    "shape_discrete": {
      "field_values": [0, 15, 30, 45, 50],
      "field": "hunger",
      "discrete_shapes": ["box", "cone", "cylinder", "sphere", "torusknot"]
    },
    "shape": "box",
    "hunger": 0,
    "grow": true
  },
  {
    "behaviors": ["change_hunger.js", "@hash/display-scale-scaling/display_scale_scaling.js"],
    "position": [5, 7],
    "scale_scaling": {
      "field_bounds": [0, 50],
      "field": "hunger",
      "bounds": [[1, 1, 1], [5, 5, 5]],
      "scale": "linear"
    },
    "hunger": 0,
    "grow": true
  }
]