{
  "Optimize Vaccine Introduction": {
    "type": "optimization",
    "maxRuns": 20,
    "minSteps": 500,
    "maxSteps": 600,
    "metricName": "dead_agents",
    "metricObjective": "min",
    "fields": [{"name": "introduce_vaccine_step", "range": "20-100"}]
  },
  "Introduce Vaccine Timestep": {
    "type": "optimization",
    "maxRuns": 5,
    "minSteps": 10,
    "maxSteps": 20,
    "metricName": "infected",
    "metricObjective": "min",
    "fields": [{"name": "introduce_vaccine_step", "range": "40-60"}]
  },
  "mutation linspace": {
    "steps": 100,
    "type": "linspace",
    "field": "mutation_chance",
    "start": 0.001,
    "stop": 0.01,
    "samples": 11
  },
  "vaccination linspace": {
    "steps": 1000,
    "type": "linspace",
    "field": "vaccination_rate",
    "start": 0.1,
    "stop": 1,
    "samples": 3
  }
}