{
  "algorithm": 0,
  "numberOfAgents": 5,
  "f": 0,
  "valueListSize": 10,
  "valueIntervalSize": 2,
  "acceptanceThreshold": 0,
  "agentDeaths": "",
  "deathByStepOrRound": "step",
  "randomDyingPercentage": 0,
  "messageListRandomized": true,
  "seed": "NestmannSchmid",
  "randomScale": 9993,
  "delayFunction": "gaus",
  "messageMaxDelay": 10,
  "g": 2,
  "timeoutConstant": 10,
  "leaderDecidesOnlyOneValue": false,
  "timoutChangeAfterLeaderDecided": 10,
  "message_distance": 1.7,
  "phase0Height": 1,
  "phase1Height": 2,
  "phase2Height": 4,
  "phase3Height": 7,
  "objectsMaxHeight": 8,
  "hideMessages": false,
  "hideTimouts": false,
  "showInputblocks": true,
  "color0": "blue",
  "color1": "yellow",
  "color2": "#123944",
  "colorDead": "black",
  "colorUnkown": "red",
  "colorCandidateProposer": "pink",
  "colorLeader": "purple",
  "colorFollower": "green",
  "colorDivider": "black",
  "schema": {"properties": {"agentDeaths": {"type": "string"}}}
}