{
  "outputs": {
    "count": [
      {
        "op": "filter",
        "field": "color",
        "comparison": "eq",
        "value": "blue"
      },
      { "op": "count"}
    ]
  },
  "plots": [
    {
      "title": "Raindrop count",
      "timeseries": ["count"],
      "layout": { "width": "100%", "height": "40%" },
      "position": { "x": "0%", "y": "0%" }
    },
    {
      "title": "Count Histogram",
      "layout": { "width": "100%", "height": "40%" },
      "position": { "x": "0%", "y": "40%" },
      "type": "histogram",
      "data": [
        {
          "x": "count"
        }
      ]
    }
  ]
}