{
  "Optimal Rates for Forest Growth": {
    "type": "optimization",
    "maxRuns": 20,
    "minSteps": 400,
    "maxSteps": 500,
    "metricName": "sum_age",
    "metricObjective": "max",
    "fields": [
      {"name": "regrowthChance", "range": "0.0001-0.01"},
      {"name": "lightningChance", "range": "0.0001-0.01"}
    ]
  },
  "Test Experiment": {
    "type": "values",
    "steps": 100,
    "field": "lightningChance",
    "values": [0.1, 0.01, 0.001]
  },
  "lightningChanceLinSpace": {
    "steps": 100,
    "type": "linspace",
    "field": "lightningChance",
    "start": 0.001,
    "stop": 0.1,
    "samples": 5
  }
}