{
  "SeedChange": {
    "type": "values",
    "values": [
      "mtv",
      "Nestmann",
      "Schmid",
      "Adler",
      "Bisping",
      "TU-Berlin"
    ],
    "steps": 2000,
    "field": "seed"
  },
  "ValueListSize": {
    "type": "values",
    "values": [
      1,
      3,
      5,
      10
    ],
    "steps": 2000,
    "field": "valueListSize"
  },
  "fSweep": {
    "type": "values",
    "values": [
      0,
      1,
      2
    ],
    "steps": 2000,
    "field": "f"
  },
  "delayFunction": {
    "type": "values",
    "values": [
      "exp",
      "lin",
      "log",
      "gaus"
    ],
    "steps": 20,
    "field": "delayFunction"
  },
  "all_algorithms": {
    "type": "values",
    "values": [
      0,
      1,
      2
    ],
    "steps": 3500,
    "field": "algorithm"
  }
}