{
  "outputs": {
    "closed": [
      {"op": "filter", "field": "color", "comparison": "eq", "value": "white"},
      {"op": "count"}
    ],
    "recent_sales": [
      {"op": "filter", "field": "color", "comparison": "eq", "value": "green"},
      {"op": "count"}
    ],
    "no_recent_sales": [
      {
        "op": "filter",
        "field": "color",
        "comparison": "eq",
        "value": "skyblue"
      },
      {"op": "count"}
    ],
    "avg_lowest_price": [{"op": "get", "field": "lowest_price"}, {"op": "mean"}]
  },
  "plots": [
    {
      "title": "Shop Status",
      "timeseries": ["no_recent_sales", "recent_sales", "closed"],
      "layout": {"width": "100%", "height": "40%"},
      "position": {"x": "0%", "y": "0%"}
    },
    {
      "title": "Average Lowest Price",
      "timeseries": ["avg_lowest_price"],
      "layout": {"width": "100%", "height": "40%"},
      "position": {"x": "0%", "y": "40%"}
    }
  ]
}