{
	"keys": {
		"go_around": {
			"nullable": false,
			"type": "string"
		},
		"target_destination": {
			"nullable": true,
			"type": "list",
			"child": {
				"type": "number",
				"nullable": true
			}
		},
		"waiting": {
			"nullable": false,
			"type": "boolean"
		},
		"dy": {
			"nullable": true,
			"type": "number"
		},
		"prev_direction": {
			"nullable": true,
			"type": "fixed_size_list",
			"length": 3,
			"child": {
				"type": "number",
				"nullable": true
			}
		},
		"dx": {
			"nullable": true,
			"type": "number"
		}
	},
	"built_in_key_use": null
}