{
	"keys": {
		"curr_weight": {
			"nullable": false,
			"type": "number"
		},
		"max_weight": {
			"nullable": false,
			"type": "number"
		},
		"target_destination": {
			"nullable": true,
			"type": "list",
			"child": {
				"type": "number",
				"nullable": true
			}
		},
		"target_item": {
			"nullable": true,
			"type": "string"
		},
		"waiting": {
			"nullable": false,
			"type": "boolean"
		},
		"instructions": {
			"nullable": true,
			"type": "list",
			"child": {
				"nullable": true,
				"type": "struct",
				"fields": {
					"action": {
						"nullable": true,
						"type": "string"
					},
					"item": {
						"nullable": true,
						"type": "string"
					},
					"destination": {
						"nullable": true,
						"type": "list",
						"child": {
							"type": "number",
							"nullable": true
						}
					}
				}
			}
		}
	},
	"built_in_key_use": null
}