{
  "outputs": {
    "fRandomNumber": [{"op": "get", "field": "f"}, {"op": "mean"}],
    "R_Messages": [
      {"op": "filter", "field": "type", "comparison": "eq", "value": "R"},
      {"op": "count"}
    ],
    "P_Messages": [
      {"op": "filter", "field": "type", "comparison": "eq", "value": "P"},
      {"op": "count"}
    ],
    "xIs0": [
      {"op": "filter", "field": "x", "comparison": "eq", "value": 0},
      {"op": "count"}
    ],
    "xIs1": [
      {"op": "filter", "field": "x", "comparison": "eq", "value": 1},
      {"op": "count"}
    ],
    "xIsUnknown": [
      {"op": "filter", "field": "x", "comparison": "eq", "value": -1},
      {"op": "count"}
    ],
    "Messages": [
      {
        "op": "filter",
        "field": "agent_name",
        "comparison": "gte",
        "value": "msg"
      },
      {"op": "count"}
    ],
    "processesAlive": [
      {
        "op": "filter",
        "field": "agent_name",
        "comparison": "lte",
        "value": "msg"
      },
      {"op": "filter", "field": "phase", "comparison": "neq", "value": "dead"},
      {"op": "count"}
    ],
    "processesAll": [
      {
        "op": "filter",
        "field": "agent_name",
        "comparison": "lte",
        "value": "msg"
      },
      {"op": "count"}
    ],
    "processesDead": [
      {
        "op": "filter",
        "field": "agent_name",
        "comparison": "lte",
        "value": "msg"
      },
      {"op": "filter", "field": "phase", "comparison": "eq", "value": "dead"},
      {"op": "count"}
    ],
    "Decision": [
      {"op": "filter", "field": "agent_name", "comparison": "eq", "value": "0"},
      {"op": "get", "field": "decided"},
      {"op": "max"}
    ]
  },
  "plots": [
    {
      "title": "MessageCount",
      "type": "timeseries",
      "data": [{"y": "Messages", "name": "Messages"}],
      "layout": {
        "height": "50%",
        "width": "100%",
        "hideLegend": false,
        "hideCollatedLegend": false
      },
      "position": {"x": "0%", "y": "100%"}
    },
    {
      "title": "Temporary Decisions (x)",
      "type": "line",
      "data": [
        {"y": "xIs0", "name": "x = 0"},
        {"y": "xIs1", "name": "x = 1"},
        {"y": "xIsUnknown", "name": "x = ?"}
      ],
      "layout": {
        "height": "50%",
        "width": "100%",
        "hideLegend": false,
        "hideCollatedLegend": false
      },
      "position": {"x": "0%", "y": "50%"}
    },
    {
      "title": "Counting Prozesses",
      "type": "timeseries",
      "data": [
        {"y": "processesAll", "name": "All Processes"},
        {"y": "processesDead", "name": "Dead Processes"},
        {"y": "processesAlive", "name": "Alive Processes"}
      ],
      "layout": {
        "height": "50%",
        "width": "100%",
        "hideLegend": false,
        "hideCollatedLegend": false
      },
      "position": {"x": "0%", "y": "100%"}
    }
  ]
}