{
  "agent_count value": {
    "type": "values",
    "steps": 100,
    "field": "agent_count",
    "values": [25, 100, 200]
  },
  "Cohesion Optimize Test": {
    "type": "optimization",
    "maxRuns": 10,
    "minSteps": 10,
    "maxSteps": 100,
    "metricName": "count",
    "metricObjective": "max",
    "fields": [{"name": "cohesion", "range": "10-20"}]
  },
  "cohesion arange": {
    "field": "cohesion",
    "start": 10,
    "stop": 20,
    "increment": 1,
    "steps": 100,
    "type": "arange"
  },
  "Sweep flocks": {
    "steps": 100,
    "type": "group",
    "runs": ["cohesion arange", "agent_count value"]
  }
}