{
  "outputs": {
    "good_hygiene": [
      {
        "op": "filter",
        "field": "hygiene",
        "comparison": "gt",
        "value": 0.5
      },
      { "op": "count" }
    ],
    "bad_hygiene": [
      {
        "op": "filter",
        "field": "hygiene",
        "comparison": "lte",
        "value": 0.5
      },
      { "op": "count" }
    ],
    "trusting": [
      {
        "op": "filter",
        "field": "color",
        "comparison": "neq",
        "value": "red"
      },
      {
        "op": "filter",
        "field": "color",
        "comparison": "neq",
        "value": "orange"
      },
      { "op": "count" }
    ],
    "suspicious": [
      {
        "op": "filter",
        "field": "color",
        "comparison": "neq",
        "value": "green"
      },
      {
        "op": "filter",
        "field": "color",
        "comparison": "neq",
        "value": "blue"
      },
      { "op": "count" }
    ],
    "avg_hygiene": [
      { "op": "get", "field": "hygiene"},
      { "op": "mean"}
    ]
  },

  "plots": [
    {
      "title": "Hygiene",
      "timeseries": ["good_hygiene", "bad_hygiene"],
      "layout": { "width": "100%", "height": "50%"},
      "position": { "x": "0%", "y": "0%" }
    },
    {
      "title": "Trust",
      "timeseries": ["trusting", "suspicious"],
      "layout": { "width": "50%", "height": "50%"},
      "position": { "x": "50%", "y": "50%" }
    },
    {
      "title": "Average Hygiene",
      "timeseries": ["avg_hygiene"],
      "layout": { "width": "50%", "height": "50%"},
      "position": { "x": "0%", "y": "50%" }
    }
  ]
}
