{
	"keys": {
		"wait": {
			"type": "any",
			"nullable": true
		},
		"reciever": {
			"type": "any",
			"nullable": true
		},
		"type": {
			"type": "any",
			"nullable": true
		},
		"value": {
			"type": "any",
			"nullable": true
		},
		"round": {
			"type": "any",
			"nullable": true
		},
		"end": {
			"type": "any",
			"nullable": true
		},
		"kill": {
			"type": "any",
			"nullable": true
		},
		"positionTo": {
			"type": "any",
			"nullable": true
		},
		"nachricht": {
			"type": "any",
			"nullable": true
		},
		"m": {
			"type": "any",
			"nullable": true
		}
	},
	"built_in_key_use": null,
	"dynamic_access": false
}