{
	"keys": {
		"allMessages": {
			"type": "any",
			"nullable": true
		},
		"round": {
			"type": "any",
			"nullable": true
		},
		"phase": {
			"type": "any",
			"nullable": true
		},
		"x": {
			"type": "any",
			"nullable": true
		},
		"Rmsg": {
			"type": "any",
			"nullable": true
		},
		"Pmsg": {
			"type": "any",
			"nullable": true
		},
		"decided": {
			"type": "any",
			"nullable": true
		},
		"decidedList": {
			"type": "any",
			"nullable": true
		},
		"valueRound": {
			"type": "any",
			"nullable": true
		},
		"xValueList": {
			"type": "any",
			"nullable": true
		},
		"wait": {
			"type": "any",
			"nullable": true
		},
		"f": {
			"type": "any",
			"nullable": true
		},
		"RmsgLength": {
			"type": "any",
			"nullable": true
		},
		"nminusf": {
			"type": "any",
			"nullable": true
		},
		"globalRound": {
			"type": "any",
			"nullable": true
		},
		"deathRound": {
			"type": "any",
			"nullable": true
		},
		"conditions": {
			"type": "any",
			"nullable": true
		},
		"cond1": {
			"type": "any",
			"nullable": true
		},
		"cond2": {
			"type": "any",
			"nullable": true
		},
		"phase0Reason": {
			"type": "any",
			"nullable": true
		}
	},
	"built_in_key_use": null,
	"dynamic_access": false
}