{
	"keys": {
		"allMessages": {
			"type": "any",
			"nullable": true
		},
		"dieTimer": {
			"type": "any",
			"nullable": true
		},
		"leader": {
			"type": "any",
			"nullable": true
		},
		"phase": {
			"type": "any",
			"nullable": true
		},
		"voteMessages": {
			"type": "any",
			"nullable": true
		},
		"heartBeatMessages": {
			"type": "any",
			"nullable": true
		},
		"wait": {
			"type": "any",
			"nullable": true
		},
		"timeout": {
			"type": "any",
			"nullable": true
		},
		"decidedList": {
			"type": "any",
			"nullable": true
		},
		"globalRound": {
			"type": "any",
			"nullable": true
		},
		"preparedMsgs": {
			"type": "any",
			"nullable": true
		},
		"acknoledgedMsgs": {
			"type": "any",
			"nullable": true
		},
		"xValueList": {
			"type": "any",
			"nullable": true
		},
		"prepare": {
			"type": "any",
			"nullable": true
		},
		"ackknowledge": {
			"type": "any",
			"nullable": true
		},
		"waitAck": {
			"type": "any",
			"nullable": true
		},
		"heartBeat": {
			"type": "any",
			"nullable": true
		},
		"round": {
			"type": "any",
			"nullable": true
		},
		"deathRound": {
			"type": "any",
			"nullable": true
		},
		"conditions": {
			"type": "any",
			"nullable": true
		},
		"decided": {
			"type": "any",
			"nullable": true
		}
	},
	"built_in_key_use": null,
	"dynamic_access": false
}