{
	"keys": {
		"allMessages": {
			"type": "any",
			"nullable": true
		},
		"dieTimer": {
			"type": "any",
			"nullable": true
		},
		"leader": {
			"type": "any",
			"nullable": true
		},
		"phase": {
			"type": "any",
			"nullable": true
		},
		"voteMessages": {
			"type": "any",
			"nullable": true
		},
		"wait": {
			"type": "any",
			"nullable": true
		},
		"timeout": {
			"type": "any",
			"nullable": true
		},
		"roles": {
			"type": "any",
			"nullable": true
		},
		"promisedMsgs": {
			"type": "any",
			"nullable": true
		},
		"decided": {
			"type": "any",
			"nullable": true
		},
		"round": {
			"type": "any",
			"nullable": true
		},
		"promisedN": {
			"type": "any",
			"nullable": true
		},
		"value": {
			"type": "any",
			"nullable": true
		},
		"acceptedMsgs": {
			"type": "any",
			"nullable": true
		},
		"decidedList": {
			"type": "any",
			"nullable": true
		},
		"globalRound": {
			"type": "any",
			"nullable": true
		},
		"xValueList": {
			"type": "any",
			"nullable": true
		},
		"roundID": {
			"type": "any",
			"nullable": true
		}
	},
	"built_in_key_use": null,
	"dynamic_access": false
}