{
  "outputs": {
    "exposed": [
      {
        "op": "filter",
        "field": "health_status",
        "comparison": "eq",
        "value": "exposed"
      },
      {"op": "count"}
    ],
    "infected": [
      {
        "op": "filter",
        "field": "health_status",
        "comparison": "eq",
        "value": "infected"
      },
      {"op": "count"}
    ],
    "deceased": [
      {
        "op": "filter",
        "field": "health_status",
        "comparison": "eq",
        "value": "deceased"
      },
      {"op": "count"}
    ],
    "healthy": [
      {
        "op": "filter",
        "field": "health_status",
        "comparison": "eq",
        "value": "healthy"
      },
      {"op": "count"}
    ],
    "immune": [
      {
        "op": "filter",
        "field": "health_status",
        "comparison": "eq",
        "value": "immune"
      },
      {"op": "count"}
    ],
    "cumulative_sick": [
      {"op": "filter", "field": "was_sick", "comparison": "eq", "value": true},
      {"op": "count"}
    ],
    "r0": [{"op": "get", "field": "num_infected"}, {"op": "mean"}]
  },
  "plots": [
    {
      "title": "Infection Progress",
      "layout": {"width": "100%", "height": "50%"},
      "position": {"x": "0%", "y": "0%"},
      "type": "area",
      "data": [
        {"y": "exposed", "stackgroup": "one", "name": "exposed"},
        {"y": "infected", "stackgroup": "one", "name": "infected"},
        {"y": "deceased", "stackgroup": "one", "name": "deceased"},
        {"y": "healthy", "stackgroup": "one", "name": "healthy"},
        {"y": "immune", "stackgroup": "one", "name": "immune"}
      ]
    },
    {
      "title": "Cumulative infections",
      "timeseries": ["cumulative_sick"],
      "layout": {"width": "50%", "height": "50%"},
      "position": {"x": "0%", "y": "50%"}
    },
    {
      "title": "R0 infections",
      "type": "timeseries",
      "data": [{"y": "r0", "name": "r0"}],
      "layout": {
        "height": "50%",
        "width": "50%",
        "hideLegend": false,
        "hideCollatedLegend": false
      },
      "position": {"x": "50%", "y": "50%"}
    }
  ]
}