use_def,neighborhood,lat,long
Single Family Residential,Sunset/Parkside,-122.502183895904,37.763653457648
Single Family Residential,Bernal Heights,-122.4170591352,37.747528129366
Single Family Residential,Marina,-122.446094278634,37.79644362756
Single Family Residential,Bayview Hunters Point,-122.387974219113,37.737681544439
Single Family Residential,Glen Park,-122.43677947796,37.734551935141
Single Family Residential,Inner Richmond,-122.459040852927,37.775334123011
Single Family Residential,Sunset/Parkside,-122.500220026704,37.735663559672
Single Family Residential,Castro/Upper Market,-122.430907270286,37.761010742032
Single Family Residential,Potrero Hill,-122.402985426977,37.764113719743
Single Family Residential,Financial District/South Beach,-122.393592756795,37.787024457214
Single Family Residential,Sunset/Parkside,-122.485153248571,37.732665926287
Single Family Residential,Marina,-122.424247154528,37.796877511183
Multi-Family Residential,Presidio Heights,-122.450722530305,37.787945515672
Single Family Residential,South of Market,-122.399071619114,37.783184743892
Single Family Residential,West of Twin Peaks,-122.44677039865,37.731346425996
Single Family Residential,Bayview Hunters Point,-122.369639191495,37.729001614672
Single Family Residential,South of Market,-122.395750150765,37.777004008479
Single Family Residential,Outer Mission,-122.432677955597,37.73088491281
Multi-Family Residential,Haight Ashbury,-122.450964032401,37.76487905901
Multi-Family Residential,Marina,-122.426975429841,37.799403375068
Multi-Family Residential,North Beach,-122.409608755022,37.803882851624
Single Family Residential,Potrero Hill,-122.393045284784,37.753360365387
Multi-Family Residential,Mission,-122.413692967601,37.756627062069
Single Family Residential,Glen Park,-122.438909370757,37.741916274031
Single Family Residential,South of Market,-122.399071619114,37.783184743892
Multi-Family Residential,Oceanview/Merced/Ingleside,-122.458530833697,37.712893577113
Single Family Residential,Mission,-122.413229721005,37.762828879778
Single Family Residential,Sunset/Parkside,-122.497613703395,37.759822154593
Multi-Family Residential,Marina,-122.440312857031,37.799631737099
Single Family Residential,Sunset/Parkside,-122.505556647395,37.758289627959
Single Family Residential,Pacific Heights,-122.429787817791,37.795275061318
Single Family Residential,Western Addition,-122.431514004068,37.780790618092
Multi-Family Residential,Glen Park,-122.427198032114,37.73645804503
Single Family Residential,Inner Sunset,-122.464851180527,37.754505512447
Single Family Residential,Financial District/South Beach,-122.396875327625,37.784713871652
Single Family Residential,Sunset/Parkside,-122.493745984122,37.751821099728
Multi-Family Residential,Noe Valley,-122.423738364205,37.743317159332
Single Family Residential,West of Twin Peaks,-122.47091038918,37.748043559624
Multi-Family Residential,Mission,-122.41571015276,37.762279336279
Multi-Family Residential,Castro/Upper Market,-122.441404616644,37.764252224445
Multi-Family Residential,Nob Hill,-122.415232963493,37.79473930258
Single Family Residential,Excelsior,-122.426524598277,37.726063695124
Single Family Residential,Oceanview/Merced/Ingleside,-122.469626766545,37.711670169093
Single Family Residential,Chinatown,-122.408836742237,37.792669065127
Single Family Residential,Western Addition,-122.424133907241,37.784821155115
Single Family Residential,Financial District/South Beach,-122.392228755425,37.786064899275
Single Family Residential,Potrero Hill,-122.402012726025,37.753903693412
Single Family Residential,Financial District/South Beach,-122.401309461726,37.78745815181
Single Family Residential,Outer Richmond,-122.506704502803,37.77692228946
Single Family Residential,Mission Bay,-122.391796973145,37.778986013871
Single Family Residential,West of Twin Peaks,-122.447750154707,37.741273792951
Single Family Residential,Inner Sunset,-122.474866573504,37.751079349144
Single Family Residential,Bayview Hunters Point,-122.397106318594,37.72872532224
Single Family Residential,Inner Sunset,-122.457710834474,37.751841432141
Multi-Family Residential,Noe Valley,-122.426551979943,37.745784403677
Multi-Family Residential,Mission,-122.416581239212,37.773346508758
Single Family Residential,Russian Hill,-122.422879571482,37.798116130358
Single Family Residential,Sunset/Parkside,-122.490221850384,37.734935916864
Single Family Residential,Visitacion Valley,-122.405269612639,37.711263289339
Multi-Family Residential,Outer Richmond,-122.473119605928,37.773496905376
Single Family Residential,Noe Valley,-122.443755234026,37.746111254584
Multi-Family Residential,Inner Sunset,-122.464211861309,37.759972703633
Multi-Family Residential,Sunset/Parkside,-122.478600861733,37.764606479152
Single Family Residential,Outer Mission,-122.446273064039,37.715360399774
Single Family Residential,Pacific Heights,-122.440825807152,37.791911099048
Multi-Family Residential,Western Addition,-122.428439508237,37.784235916681
Single Family Residential,Noe Valley,-122.4249774857,37.747173933307
Multi-Family Residential,Twin Peaks,-122.443730136809,37.751931613733
Single Family Residential,Outer Mission,-122.444619071767,37.71774148936
Multi-Family Residential,Presidio Heights,-122.450923526378,37.782567204209
Single Family Residential,Mission Bay,-122.389624971823,37.780630229232
Single Family Residential,Inner Sunset,-122.467705654642,37.757952866637
Single Family Residential,Noe Valley,-122.434463270937,37.746303623939
Single Family Residential,Oceanview/Merced/Ingleside,-122.461343244414,37.712535209062
Single Family Residential,Noe Valley,-122.430699719289,37.743208828043
Single Family Residential,Outer Richmond,-122.486503826707,37.784061848356004
Single Family Residential,Portola,-122.416552363704,37.730115762474
Single Family Residential,West of Twin Peaks,-122.445478680975,37.730143399587
Single Family Residential,Russian Hill,-122.42057153126,37.802351698005
Multi-Family Residential,Outer Richmond,-122.484796380375,37.777823177939
Single Family Residential,Lone Mountain/USF,-122.457793526215,37.775032735117
Single Family Residential,North Beach,-122.406128522996,37.800618416234
Single Family Residential,Sunset/Parkside,-122.492410631112,37.747781224394
Single Family Residential,North Beach,-122.414563050861,37.803838739341
Multi-Family Residential,Potrero Hill,-122.3979428249,37.76032515081
Single Family Residential,Outer Mission,-122.437423439476,37.726601659346
Multi-Family Residential,Bernal Heights,-122.421620902704,37.741156397493
Single Family Residential,South of Market,-122.396231326897,37.781322974873
Single Family Residential,Mission,-122.424628539155,37.760305506961
Single Family Residential,Portola,-122.416496989156,37.729762118073
Single Family Residential,Sunset/Parkside,-122.501163718961,37.743175557723
Single Family Residential,Sunset/Parkside,-122.487895068333,37.73681084387
Single Family Residential,Sunset/Parkside,-122.506288620035,37.747030569603
Single Family Residential,Visitacion Valley,-122.413016323644,37.712291383918
Single Family Residential,Financial District/South Beach,-122.396875327625,37.784713871652
Multi-Family Residential,Mission,-122.425418667201,37.768907549086
Single Family Residential,Hayes Valley,-122.422812846165,37.772801967193
Single Family Residential,Bayview Hunters Point,-122.392998469985,37.73452290618
Single Family Residential,Bernal Heights,-122.412887704234,37.740109950939
Single Family Residential,Bayview Hunters Point,-122.402806097484,37.731359307273
Single Family Residential,Excelsior,-122.444912212546,37.7116694971
Single Family Residential,Hayes Valley,-122.426256030386,37.770086206262
Single Family Residential,Oceanview/Merced/Ingleside,-122.470712292316,37.713875274878
Single Family Residential,West of Twin Peaks,-122.452980104998,37.73179999248
Single Family Residential,Excelsior,-122.42799583871,37.718863615514
Single Family Residential,Sunset/Parkside,-122.499796574466,37.739013274218
Single Family Residential,Sunset/Parkside,-122.480070749814,37.755811754867
Single Family Residential,Mission,-122.412023559755,37.760025600143
Single Family Residential,Outer Mission,-122.437278768617,37.727687243993
Single Family Residential,Excelsior,-122.427403737592,37.723447755657
Single Family Residential,West of Twin Peaks,-122.443393662867,37.731841991403
Single Family Residential,Sunset/Parkside,-122.484847546061,37.733229527838
Multi-Family Residential,Outer Richmond,-122.473804288013,37.77353391618
Multi-Family Residential,Twin Peaks,-122.444532061726,37.749644646546
Single Family Residential,Western Addition,-122.427296336743,37.783301764264
Single Family Residential,Sunset/Parkside,-122.487298171863,37.734532094354
Single Family Residential,Outer Richmond,-122.507915539477,37.778247687706
Single Family Residential,Oceanview/Merced/Ingleside,-122.456341854518,37.713533795751
Single Family Residential,Excelsior,-122.433800972815,37.714056158611
Single Family Residential,Inner Sunset,-122.472474205976,37.759382113371
Single Family Residential,Sunset/Parkside,-122.497599251345,37.759616498779
Single Family Residential,Pacific Heights,-122.437137044785,37.789930838681
Single Family Residential,Bernal Heights,-122.418536347673,37.737685932092
Single Family Residential,Noe Valley,-122.424809560505,37.744282401801
Single Family Residential,West of Twin Peaks,-122.461282562504,37.739382823334
Single Family Residential,Bayview Hunters Point,-122.395135512405,37.725074117667
Multi-Family Residential,Nob Hill,-122.40739149711,37.790553628605
Single Family Residential,Inner Richmond,-122.464454285439,37.786909861836
Single Family Residential,Mission Bay,-122.396240857783,37.773929713267
Single Family Residential,Portola,-122.410307020904,37.719495540245
Single Family Residential,West of Twin Peaks,-122.4542066561,37.740985725062004
Single Family Residential,Oceanview/Merced/Ingleside,-122.45117865625,37.722303036845
Single Family Residential,West of Twin Peaks,-122.467687550316,37.74876753645
Single Family Residential,Haight Ashbury,-122.45074430432,37.768368859738
Single Family Residential,Sunset/Parkside,-122.487870415532,37.744080617414
Single Family Residential,Excelsior,-122.427956885277,37.728352286192
Single Family Residential,Sunset/Parkside,-122.498493955939,37.758601664296
Multi-Family Residential,Visitacion Valley,-122.42065910248,37.708792071177
Single Family Residential,Bernal Heights,-122.419834505108,37.740333572155
Single Family Residential,West of Twin Peaks,-122.462942755802,37.724423442574
Single Family Residential,Marina,-122.434175080428,37.796014284283
Single Family Residential,North Beach,-122.414563050861,37.803838739341
Multi-Family Residential,Twin Peaks,-122.44534731019,37.751404741407
Single Family Residential,Marina,-122.438436425359,37.805156709061
Single Family Residential,Seacliff,-122.488990895044,37.784116206431
Single Family Residential,Excelsior,-122.451552289008,37.70876827874
Multi-Family Residential,Outer Richmond,-122.490862210503,37.780286659031
Single Family Residential,Bayview Hunters Point,-122.391593846082,37.737504725183
Single Family Residential,Inner Sunset,-122.475245881431,37.754543739303
Single Family Residential,Mission,-122.421701598311,37.766279315575
Single Family Residential,Mission Bay,-122.391796973145,37.778986013871
Single Family Residential,Excelsior,-122.43470234267,37.708864523833
Single Family Residential,Sunset/Parkside,-122.486747410712,37.758088231197
Single Family Residential,Potrero Hill,-122.396900295633,37.759587738655
Multi-Family Residential,Potrero Hill,-122.405385419933,37.760564128162
Single Family Residential,Potrero Hill,-122.395500558383,37.757932249915
Single Family Residential,Mission,-122.419175952973,37.755955292759
Multi-Family Residential,Sunset/Parkside,-122.477191029604,37.753962565053
Multi-Family Residential,Mission,-122.422618913662,37.752472372666
Single Family Residential,Western Addition,-122.42676663533,37.784480872495
Single Family Residential,Seacliff,-122.478368868437,37.786301361149
Single Family Residential,Inner Sunset,-122.455078567321,37.75575073727
Single Family Residential,Pacific Heights,-122.426128246712,37.793825413844
Single Family Residential,Oceanview/Merced/Ingleside,-122.467667844218,37.710481672448
Multi-Family Residential,Financial District/South Beach,-122.391850276986,37.788681782875
Single Family Residential,Oceanview/Merced/Ingleside,-122.463203795347,37.71635524235
Single Family Residential,Oceanview/Merced/Ingleside,-122.465968696235,37.718770841985
Single Family Residential,Noe Valley,-122.435179250165,37.748256367884
Single Family Residential,Bayview Hunters Point,-122.39068694601,37.718090229372
Single Family Residential,Twin Peaks,-122.445085768322,37.754098471851
Single Family Residential,Oceanview/Merced/Ingleside,-122.468650042546,37.716696668270004
Single Family Residential,Lone Mountain/USF,-122.455801319761,37.777297258159
Single Family Residential,Western Addition,-122.424523496712,37.789588522774
Single Family Residential,Mission,-122.409554585053,37.759753463467
Single Family Residential,Oceanview/Merced/Ingleside,-122.470205024503,37.710867733601
Multi-Family Residential,Outer Richmond,-122.477911987025,37.778613714954
Single Family Residential,South of Market,-122.396657157589,37.779450061075
Multi-Family Residential,Outer Richmond,-122.472743881314,37.774408060968
Multi-Family Residential,Inner Richmond,-122.470515611396,37.784298355993
Single Family Residential,Western Addition,-122.422490800146,37.786755229425
Multi-Family Residential,Noe Valley,-122.438724194275,37.755198826203
Single Family Residential,Financial District/South Beach,-122.390972318505,37.78937583844
Single Family Residential,Outer Mission,-122.46056519685,37.7083812271
Single Family Residential,Bayview Hunters Point,-122.389726708737,37.730166583265
Multi-Family Residential,South of Market,-122.404703537155,37.780605011341
Single Family Residential,Portola,-122.418040298817,37.730863053142
Multi-Family Residential,Mission,-122.416911720899,37.750900265723
Multi-Family Residential,Bernal Heights,-122.412633132938,37.74747119303
Multi-Family Residential,Inner Sunset,-122.466161873122,37.75719562164
Single Family Residential,Inner Sunset,-122.467901452875,37.760787267629
Single Family Residential,Financial District/South Beach,-122.390972318505,37.78937583844
Single Family Residential,Outer Mission,-122.441240096193,37.719386583693
Single Family Residential,Mission Bay,-122.396240857783,37.773929713267
Single Family Residential,Bayview Hunters Point,-122.397310128783,37.735261620308
Single Family Residential,Inner Richmond,-122.459018044849,37.777983661444
Single Family Residential,Inner Sunset,-122.469337816968,37.75808732582
Single Family Residential,Mission,-122.422052259566,37.771101976796
Single Family Residential,Excelsior,-122.432115134636,37.724420318812
Single Family Residential,West of Twin Peaks,-122.458091301007,37.74176521576
Single Family Residential,Pacific Heights,-122.431773433217,37.788322124609
Single Family Residential,West of Twin Peaks,-122.461947493589,37.727258561626996
Single Family Residential,West of Twin Peaks,-122.441289853728,37.735279311757
Single Family Residential,Financial District/South Beach,-122.390364310744,37.782575275242
Single Family Residential,Western Addition,-122.431977000417,37.781951305255
Single Family Residential,West of Twin Peaks,-122.469847387817,37.748500552444
Single Family Residential,Mission,-122.40820994887,37.750149127051
Multi-Family Residential,Outer Richmond,-122.47523558991,37.778444827359
Single Family Residential,Mission,-122.422597096203,37.768537283776
Single Family Residential,Mission,-122.420240550912,37.766188550138
Single Family Residential,Outer Mission,-122.436849556818,37.726525678417
Single Family Residential,Nob Hill,-122.413662701682,37.793573015716
Single Family Residential,West of Twin Peaks,-122.472583311023,37.739937919137
Single Family Residential,West of Twin Peaks,-122.453583218447,37.732815731468
Multi-Family Residential,Lone Mountain/USF,-122.444955690251,37.77570342022
Single Family Residential,Outer Richmond,-122.483498319651,37.773298460697
Single Family Residential,Noe Valley,-122.432011841862,37.75607695418
Single Family Residential,West of Twin Peaks,-122.464422879404,37.737416631828
Single Family Residential,Bernal Heights,-122.407555093543,37.746542566084
Single Family Residential,Inner Sunset,-122.474751648038,37.748917268959
Single Family Residential,Financial District/South Beach,-122.392228755425,37.786064899275
Single Family Residential,Excelsior,-122.432599098018,37.708562667847
Multi-Family Residential,Western Addition,-122.426803567573,37.783596336091
Single Family Residential,Outer Richmond,-122.482553314469,37.775084297022
Multi-Family Residential,Outer Richmond,-122.482001869018,37.780945211505
Multi-Family Residential,Outer Richmond,-122.492051841047,37.77268294018
Multi-Family Residential,Nob Hill,-122.414996839317,37.78965675266
Single Family Residential,Castro/Upper Market,-122.429847509863,37.759344403583
Single Family Residential,Sunset/Parkside,-122.47678422909,37.739546864464
Single Family Residential,Sunset/Parkside,-122.505590252051,37.737242770289
Single Family Residential,Visitacion Valley,-122.416719211663,37.70873567346
Single Family Residential,Twin Peaks,-122.443353728038,37.752989481574
Single Family Residential,Inner Sunset,-122.475815099195,37.756295125847
Single Family Residential,West of Twin Peaks,-122.472979852159,37.72006129968
Multi-Family Residential,Marina,-122.438079961887,37.796472613125
Single Family Residential,Inner Richmond,-122.458806214101,37.774963597402
Multi-Family Residential,Noe Valley,-122.431856264663,37.753279514686
Single Family Residential,Pacific Heights,-122.429498428749,37.790681400972
Single Family Residential,West of Twin Peaks,-122.465037896245,37.749450036847
Single Family Residential,Lone Mountain/USF,-122.445738876416,37.7763822707
Single Family Residential,Bayview Hunters Point,-122.387550007571,37.739331503722
Multi-Family Residential,Mission,-122.423858869791,37.753825387608
Single Family Residential,Castro/Upper Market,-122.432270063052,37.758436663839
Multi-Family Residential,Outer Richmond,-122.502949066318,37.774829344358
Single Family Residential,Portola,-122.419396690212,37.724353110917
Single Family Residential,Oceanview/Merced/Ingleside,-122.464998851449,37.715910928202
Multi-Family Residential,Russian Hill,-122.421163513808,37.799507250992
Multi-Family Residential,Potrero Hill,-122.401188818483,37.753641719201
Multi-Family Residential,Potrero Hill,-122.401586877939,37.761407367229
Single Family Residential,Noe Valley,-122.430031420042,37.748877339799
Single Family Residential,Mission,-122.411424023307,37.754608730614
Multi-Family Residential,Noe Valley,-122.427186586255,37.745787505042
Single Family Residential,Bernal Heights,-122.421538571216,37.742192417578
Single Family Residential,Sunset/Parkside,-122.492040633719,37.757573913078
Single Family Residential,Excelsior,-122.425686184486,37.709351898383
Multi-Family Residential,Marina,-122.424654322946,37.799848928732
Single Family Residential,Nob Hill,-122.419805615578,37.791903545083
Single Family Residential,Glen Park,-122.43026549323,37.734925234888
Single Family Residential,Outer Richmond,-122.510681166384,37.773580908575
Single Family Residential,Bernal Heights,-122.41727624223,37.746806483126
Single Family Residential,Haight Ashbury,-122.432386641768,37.770361690237
Single Family Residential,West of Twin Peaks,-122.456191049722,37.73032124832
Single Family Residential,Outer Richmond,-122.495714205041,37.778700712866
Single Family Residential,West of Twin Peaks,-122.465623575437,37.743148110244
Single Family Residential,Haight Ashbury,-122.447076158251,37.764334109432
Single Family Residential,Pacific Heights,-122.436031250356,37.792544025825
Single Family Residential,West of Twin Peaks,-122.469605594587,37.738866984971
Single Family Residential,Noe Valley,-122.442360633989,37.750235847109
Single Family Residential,Sunset/Parkside,-122.488641608272,37.747947831597
Single Family Residential,Potrero Hill,-122.403775276598,37.760350750465
Multi-Family Residential,Oceanview/Merced/Ingleside,-122.458753985456,37.71366660915
Single Family Residential,Bayview Hunters Point,-122.398647475645,37.720713440283
Single Family Residential,Portola,-122.4067204379,37.72642760346
Multi-Family Residential,Outer Richmond,-122.4899958793,37.781996729203
Single Family Residential,Pacific Heights,-122.426056999167,37.790670236088
Single Family Residential,Twin Peaks,-122.444324951671,37.754340072596
Single Family Residential,Outer Richmond,-122.482987448503,37.77533956123
Single Family Residential,Oceanview/Merced/Ingleside,-122.463270527502,37.718376783027
Single Family Residential,Outer Mission,-122.449116104169,37.713104430071
Single Family Residential,West of Twin Peaks,-122.465539085132,37.730773504211
Single Family Residential,West of Twin Peaks,-122.457418125617,37.745257953706
Multi-Family Residential,Excelsior,-122.433982834199,37.720518453188
Single Family Residential,Inner Sunset,-122.453514462263,37.763145724868
Single Family Residential,Excelsior,-122.433364376977,37.714844246209
Single Family Residential,West of Twin Peaks,-122.46636783425,37.747595891776
Single Family Residential,Outer Mission,-122.4425459745,37.716968287047
Single Family Residential,West of Twin Peaks,-122.451731323384,37.745042018007
Single Family Residential,Inner Richmond,-122.470946435858,37.773712851636
Single Family Residential,Glen Park,-122.426852912432,37.738658435719
Single Family Residential,Inner Sunset,-122.464721864804,37.76133935403
Single Family Residential,Financial District/South Beach,-122.397949327024,37.798418217482
Single Family Residential,Castro/Upper Market,-122.444223585354,37.763557932688
Single Family Residential,Sunset/Parkside,-122.480097070014,37.749300347125
Single Family Residential,Sunset/Parkside,-122.503109062748,37.762133551377
Single Family Residential,Sunset/Parkside,-122.493575086082,37.757597519339
Single Family Residential,Castro/Upper Market,-122.439988935441,37.760330683768
Multi-Family Residential,Nob Hill,-122.416149096994,37.797940487184
Single Family Residential,Potrero Hill,-122.392978803925,37.759618043856
Single Family Residential,Sunset/Parkside,-122.481041345449,37.762833962232
Multi-Family Residential,Noe Valley,-122.425990281911,37.756126996169
Multi-Family Residential,Mission,-122.426117412063,37.765817307091
Single Family Residential,Glen Park,-122.436921716749,37.73823008008
Single Family Residential,Russian Hill,-122.421137550976,37.799705071895
Single Family Residential,Outer Richmond,-122.474795471339,37.780131163579
Multi-Family Residential,Castro/Upper Market,-122.445242036594,37.761702300865
Single Family Residential,Oceanview/Merced/Ingleside,-122.457394537248,37.713466850453
Single Family Residential,Financial District/South Beach,-122.403117038086,37.790579869114
Single Family Residential,Nob Hill,-122.414431493986,37.79731884382
Multi-Family Residential,Sunset/Parkside,-122.47781382871,37.762797324166
Single Family Residential,South of Market,-122.399071619114,37.783184743892
Single Family Residential,Oceanview/Merced/Ingleside,-122.470140360491,37.720522310514
Multi-Family Residential,Outer Richmond,-122.484616462782,37.773893848052
Single Family Residential,Sunset/Parkside,-122.481176615625,37.755285065197
Single Family Residential,Portola,-122.408123532729,37.724025176657
Multi-Family Residential,Pacific Heights,-122.439652707298,37.785649226018
Single Family Residential,West of Twin Peaks,-122.444879376501,37.734768912768
Single Family Residential,Sunset/Parkside,-122.502747157007,37.750379563475
Multi-Family Residential,Bernal Heights,-122.418955540381,37.74166312736
Single Family Residential,Portola,-122.417778583088,37.723081507567
Multi-Family Residential,Sunset/Parkside,-122.507594004461,37.750128186179
Single Family Residential,Sunset/Parkside,-122.491116577418,37.73114296847
Multi-Family Residential,Potrero Hill,-122.402142758436,37.752991324636
Single Family Residential,Visitacion Valley,-122.406059672623,37.709402714597
Single Family Residential,Pacific Heights,-122.44171571429,37.789130813077
Single Family Residential,Glen Park,-122.429097414605,37.736038198206
Single Family Residential,Oceanview/Merced/Ingleside,-122.464760603465,37.71771775467
Multi-Family Residential,Inner Richmond,-122.467489365432,37.776311928916996
Multi-Family Residential,Western Addition,-122.428442382389,37.783405502742
Multi-Family Residential,Noe Valley,-122.435336102621,37.750661119901
Single Family Residential,Sunset/Parkside,-122.503804537164,37.750126412474
Single Family Residential,Excelsior,-122.429872400691,37.719275114978
Multi-Family Residential,Western Addition,-122.43904151006,37.779346496482
Single Family Residential,Sunset/Parkside,-122.506612693404,37.759562100231
Single Family Residential,Sunset/Parkside,-122.501272688792,37.750651179103
Single Family Residential,Inner Sunset,-122.451791309942,37.758994777818
Single Family Residential,Lone Mountain/USF,-122.445738876416,37.7763822707
Single Family Residential,Oceanview/Merced/Ingleside,-122.453771711608,37.719234344386
Multi-Family Residential,Nob Hill,-122.414338781102,37.791076939759
Multi-Family Residential,North Beach,-122.404448956668,37.798451680165
Single Family Residential,Noe Valley,-122.435960437719,37.753347121874
Single Family Residential,Pacific Heights,-122.423425886145,37.793433450202
Single Family Residential,Visitacion Valley,-122.40388857165,37.713886560605
Single Family Residential,Sunset/Parkside,-122.50517651655,37.743871767883
Multi-Family Residential,North Beach,-122.407679424822,37.800180028663
Single Family Residential,Outer Richmond,-122.483216901714,37.783751561644
Single Family Residential,Outer Richmond,-122.49446446519,37.777363468638
Single Family Residential,Visitacion Valley,-122.410366988089,37.715402996929
Multi-Family Residential,Nob Hill,-122.414882373554,37.793621063356
Single Family Residential,Portola,-122.406430252252,37.72457605036
Single Family Residential,Bernal Heights,-122.416750566338,37.74150338798
Multi-Family Residential,Castro/Upper Market,-122.437647737496,37.768288271263
Multi-Family Residential,Bernal Heights,-122.41992166174,37.743009305366996
Single Family Residential,Glen Park,-122.43654093945,37.737435748765
Single Family Residential,Excelsior,-122.426332986946,37.721984445138
Single Family Residential,Presidio Heights,-122.45763845133,37.784782444174
Single Family Residential,Portola,-122.416453511375,37.722534098033
Multi-Family Residential,Mission Bay,-122.400121085786,37.775083383307
Single Family Residential,Japantown,-122.435140837265,37.785561317675
Single Family Residential,Sunset/Parkside,-122.489839017503,37.75625478387
Multi-Family Residential,Mission,-122.410707247423,37.75654333625
Single Family Residential,West of Twin Peaks,-122.459667088985,37.748585866988
Single Family Residential,Inner Sunset,-122.467638320629,37.756255533636
Single Family Residential,Castro/Upper Market,-122.428145217436,37.765576198942
Single Family Residential,Outer Richmond,-122.474347311019,37.781183859107
Multi-Family Residential,Haight Ashbury,-122.439588258835,37.771232692316
Single Family Residential,Portola,-122.417554079323,37.726450616662
Single Family Residential,Outer Mission,-122.433796839389,37.727360634252
Single Family Residential,West of Twin Peaks,-122.475040901264,37.738853409607
Multi-Family Residential,Castro/Upper Market,-122.432113019531,37.759700482068
Single Family Residential,Potrero Hill,-122.404759987051,37.760535300254
Single Family Residential,Sunset/Parkside,-122.502889920783,37.75244779463
Multi-Family Residential,Mission,-122.412191518709,37.752148701403
Single Family Residential,Marina,-122.438714149519,37.798372673695
Multi-Family Residential,Outer Richmond,-122.504310046292,37.775686795672
Single Family Residential,Noe Valley,-122.441078983732,37.746032999604
Single Family Residential,Bayview Hunters Point,-122.394639178874,37.719724886702
Single Family Residential,Bernal Heights,-122.414242461683,37.741726292452
Single Family Residential,Outer Richmond,-122.496886948744,37.774144222348
Single Family Residential,Oceanview/Merced/Ingleside,-122.462346190165,37.711809822958
Single Family Residential,Pacific Heights,-122.439168160292,37.788895769265
Single Family Residential,Sunset/Parkside,-122.487478038122,37.732998247548
Single Family Residential,West of Twin Peaks,-122.447544586654,37.74155123693
Single Family Residential,Excelsior,-122.444038624005,37.711150273497
Single Family Residential,Oceanview/Merced/Ingleside,-122.456847617957,37.722235247697
Single Family Residential,Sunset/Parkside,-122.493085929468,37.75655822001
Single Family Residential,Excelsior,-122.442170810301,37.708832789766
Single Family Residential,Bernal Heights,-122.40913309369,37.738999108466
Single Family Residential,Mission,-122.418431651757,37.748598247675
Single Family Residential,Pacific Heights,-122.443491006501,37.787445194844
Single Family Residential,Noe Valley,-122.439923319083,37.745980598168
Single Family Residential,Mission Bay,-122.394089394731,37.774703061052
Single Family Residential,Pacific Heights,-122.425854143911,37.793860202541
Single Family Residential,Mission Bay,-122.394499772097,37.765668898749
Multi-Family Residential,Outer Richmond,-122.49840662445,37.772174030811
Single Family Residential,Japantown,-122.435140837265,37.785561317675
Single Family Residential,Mission,-122.418952421115,37.767537425072
Single Family Residential,Bayview Hunters Point,-122.398722649983,37.711751208273
Multi-Family Residential,Haight Ashbury,-122.450385219876,37.761987497865
Multi-Family Residential,Outer Richmond,-122.487958015215,37.776489789587
Single Family Residential,Bernal Heights,-122.416691417094,37.733874384759
Single Family Residential,Seacliff,-122.474759626939,37.786741435965
Single Family Residential,Outer Mission,-122.433870906299,37.727396035048
Single Family Residential,Pacific Heights,-122.426970127116,37.794105383124
Single Family Residential,Lone Mountain/USF,-122.44508707706,37.774740421072
Multi-Family Residential,Outer Richmond,-122.496797767186,37.77878870554
Single Family Residential,Portola,-122.407114285399,37.728966773585
Single Family Residential,Nob Hill,-122.421269687151,37.788838752152
Single Family Residential,Sunset/Parkside,-122.509035909226,37.763504040162
Single Family Residential,Excelsior,-122.43921944249,37.708275212573
Multi-Family Residential,Nob Hill,-122.409979711974,37.793987435252
Single Family Residential,Bernal Heights,-122.410481470294,37.74209032991
Single Family Residential,Haight Ashbury,-122.432813403838,37.771518317088
Single Family Residential,Pacific Heights,-122.429787817791,37.795275061318
Multi-Family Residential,Russian Hill,-122.418140901473,37.799587720556
Multi-Family Residential,Marina,-122.443812277128,37.797641483536
Single Family Residential,Noe Valley,-122.440102165805,37.751979051131
Multi-Family Residential,Mission,-122.418258502725,37.766569915187
Single Family Residential,Sunset/Parkside,-122.493069017925,37.75032445314
Single Family Residential,Bayview Hunters Point,-122.391802097978,37.733844980035
Single Family Residential,Castro/Upper Market,-122.437970499449,37.767989999023
Single Family Residential,Lone Mountain/USF,-122.454153960936,37.779887076689
Single Family Residential,Bayview Hunters Point,-122.393292680896,37.735971635187
Single Family Residential,Sunset/Parkside,-122.488632853522,37.755366003087
Single Family Residential,Outer Mission,-122.433949411519,37.729036048256
Single Family Residential,Sunset/Parkside,-122.502776974899,37.74143807656
Single Family Residential,Noe Valley,-122.440119093742,37.747160187832
Single Family Residential,North Beach,-122.404771302558,37.79879066481
Single Family Residential,Outer Richmond,-122.484182218737,37.782746452891
Single Family Residential,Western Addition,-122.425223101293,37.789306891935
Multi-Family Residential,Russian Hill,-122.423378634117,37.802594904074
Single Family Residential,Financial District/South Beach,-122.390692420112,37.781166162266
Single Family Residential,Excelsior,-122.415323024227,37.729018035969
Single Family Residential,Excelsior,-122.43539633732,37.717202632167
Single Family Residential,Sunset/Parkside,-122.490705130914,37.751527572572996
Single Family Residential,Outer Richmond,-122.501072094426,37.772010935798
Single Family Residential,West of Twin Peaks,-122.448294617103,37.742308828356
Single Family Residential,Castro/Upper Market,-122.436283538472,37.765927756376
Single Family Residential,West of Twin Peaks,-122.436351617296,37.732601252515
Single Family Residential,Potrero Hill,-122.396496376675,37.758992443301
Multi-Family Residential,Potrero Hill,-122.394614109682,37.760001231979
Single Family Residential,Visitacion Valley,-122.404994818481,37.712733959413
Single Family Residential,Mission,-122.408203302028,37.75007940868
Single Family Residential,Bayview Hunters Point,-122.396724458912,37.732843843393
Single Family Residential,Excelsior,-122.439281463793,37.711573912132
Multi-Family Residential,Russian Hill,-122.419191012901,37.795179721498
Multi-Family Residential,North Beach,-122.407548703607,37.803752857754
Single Family Residential,Nob Hill,-122.412900820337,37.78790571898
Multi-Family Residential,Tenderloin,-122.420509033853,37.78648416759
Single Family Residential,Financial District/South Beach,-122.390972318505,37.78937583844
Single Family Residential,Excelsior,-122.425940027494,37.722437715237
Multi-Family Residential,Twin Peaks,-122.442646825246,37.756138325346
Single Family Residential,Excelsior,-122.430135894796,37.721281337821
Single Family Residential,Inner Sunset,-122.456944047657,37.752165926971
Single Family Residential,Nob Hill,-122.420052709794,37.789077422569
Single Family Residential,Russian Hill,-122.424157368719,37.805509917717
Multi-Family Residential,Russian Hill,-122.416107250469,37.803749266325
Single Family Residential,Oceanview/Merced/Ingleside,-122.455430641138,37.719299731039
Multi-Family Residential,Haight Ashbury,-122.433611475072,37.772439185391
Single Family Residential,Sunset/Parkside,-122.503246715224,37.748140068966
Multi-Family Residential,Outer Mission,-122.435563152119,37.725158055784
Multi-Family Residential,Inner Richmond,-122.464302862025,37.777467967326
Single Family Residential,Sunset/Parkside,-122.477315596584,37.746160921791
Single Family Residential,Western Addition,-122.430931949563,37.781441267208
Single Family Residential,Excelsior,-122.451671441307,37.70872771143
Single Family Residential,West of Twin Peaks,-122.455611434648,37.741787840203
Single Family Residential,Bayview Hunters Point,-122.388071429497,37.711199226337
Single Family Residential,Japantown,-122.435606007356,37.785120991515
Single Family Residential,Twin Peaks,-122.442038571326,37.753856350637
Single Family Residential,Western Addition,-122.423143845914,37.781380041118
Single Family Residential,West of Twin Peaks,-122.466735825894,37.742926463672
Single Family Residential,Excelsior,-122.429515761869,37.724974973576
Multi-Family Residential,Nob Hill,-122.414524287478,37.791671734888
Multi-Family Residential,Mission,-122.425056562045,37.767113560069
Single Family Residential,Financial District/South Beach,-122.390364310744,37.782575275242
Single Family Residential,Sunset/Parkside,-122.502572249677,37.754817035294
Single Family Residential,Sunset/Parkside,-122.508848069515,37.76378707758
Single Family Residential,Japantown,-122.436142098032,37.785435136363
Single Family Residential,Potrero Hill,-122.400391152553,37.759057098759
Single Family Residential,Excelsior,-122.42732742472,37.716183299483
Single Family Residential,Sunset/Parkside,-122.50182085844,37.75256392176
Single Family Residential,Pacific Heights,-122.427737955352,37.794519147875
Single Family Residential,Bayview Hunters Point,-122.399096738731,37.712288917432
Multi-Family Residential,Hayes Valley,-122.428930239032,37.771485278551
Single Family Residential,Visitacion Valley,-122.408039242457,37.717842039452
Multi-Family Residential,Inner Richmond,-122.460910516095,37.783549389456
Multi-Family Residential,Inner Sunset,-122.470259159809,37.765491470476
Single Family Residential,Haight Ashbury,-122.432357029385,37.770292112802
Single Family Residential,Sunset/Parkside,-122.500954897105,37.756688410199
Single Family Residential,Twin Peaks,-122.444317193261,37.752766619799
Single Family Residential,Visitacion Valley,-122.413440272333,37.71483467516
Multi-Family Residential,Outer Richmond,-122.484222038661,37.78329480965
Single Family Residential,Pacific Heights,-122.432734205278,37.787386259572
Single Family Residential,Sunset/Parkside,-122.488211432906,37.730529862084
Single Family Residential,Sunset/Parkside,-122.488137253963,37.737988436625
Single Family Residential,West of Twin Peaks,-122.434699025955,37.733385639706
Single Family Residential,Bernal Heights,-122.412500326291,37.736212306498
Single Family Residential,West of Twin Peaks,-122.464234493969,37.741272925357
Single Family Residential,Bernal Heights,-122.410675207465,37.738332255474
Single Family Residential,Noe Valley,-122.441847587772,37.747456408193
Single Family Residential,Bayview Hunters Point,-122.385181336641,37.737988897809
Single Family Residential,Sunset/Parkside,-122.479480545649,37.732262738333
Single Family Residential,Excelsior,-122.435606656227,37.70959316844
Single Family Residential,Bayview Hunters Point,-122.392116907156,37.737194229914
Multi-Family Residential,Castro/Upper Market,-122.429305233463,37.765874762129
Single Family Residential,Twin Peaks,-122.450521611914,37.749014696901
Single Family Residential,Western Addition,-122.435450002284,37.781578156832
Multi-Family Residential,Presidio Heights,-122.445279918117,37.785270709832
Single Family Residential,Sunset/Parkside,-122.503809270266,37.750194968494
Single Family Residential,West of Twin Peaks,-122.457618414597,37.725597936932
Multi-Family Residential,Mission,-122.423881297718,37.754059524272
Single Family Residential,Financial District/South Beach,-122.393592756795,37.787024457214
Single Family Residential,Inner Sunset,-122.454636455548,37.762041574968
Single Family Residential,Outer Richmond,-122.475473182816,37.774558721628
Single Family Residential,Sunset/Parkside,-122.499634956225,37.757994328727
Single Family Residential,Portola,-122.406912729595,37.728292920218
Single Family Residential,Outer Richmond,-122.474740651828,37.784596215249
Single Family Residential,West of Twin Peaks,-122.467256542034,37.729032439699
Multi-Family Residential,Inner Sunset,-122.463921939152,37.754971521206
Single Family Residential,Bayview Hunters Point,-122.38304361965,37.738246891074
Single Family Residential,Sunset/Parkside,-122.495750756849,37.742586876456
Single Family Residential,Bernal Heights,-122.423610850067,37.731973694419
Multi-Family Residential,Inner Sunset,-122.454720712333,37.765336818569
Single Family Residential,Castro/Upper Market,-122.431149411255,37.763859118643
Single Family Residential,Sunset/Parkside,-122.503553347603,37.737182943649
Multi-Family Residential,Nob Hill,-122.414364981164,37.794414430739
Single Family Residential,West of Twin Peaks,-122.461635624763,37.725572376712
Single Family Residential,Financial District/South Beach,-122.390972318505,37.78937583844
Single Family Residential,Presidio Heights,-122.458305732606,37.784414645238
Single Family Residential,West of Twin Peaks,-122.443488902801,37.734064569529
Single Family Residential,Portola,-122.409464688243,37.719684334696
Single Family Residential,Nob Hill,-122.41500145037,37.79705276858
Multi-Family Residential,Bayview Hunters Point,-122.3941009692,37.729733191372
Single Family Residential,Sunset/Parkside,-122.477402879071,37.747450386271
Single Family Residential,Bernal Heights,-122.408039428693,37.744627641912
Single Family Residential,Excelsior,-122.443148021637,37.712831047766
Single Family Residential,Mission Bay,-122.391796973145,37.778986013871
Single Family Residential,Sunset/Parkside,-122.486109615251,37.76434186478
Single Family Residential,Financial District/South Beach,-122.393579623893,37.783699513138004
Single Family Residential,Outer Richmond,-122.499346990406,37.77776877951
Multi-Family Residential,Marina,-122.43606869892,37.803038256902
Multi-Family Residential,Hayes Valley,-122.438459350337,37.774620400313
Single Family Residential,Inner Richmond,-122.470781718861,37.779005167289
Single Family Residential,Inner Sunset,-122.465903171766,37.762916069695
Single Family Residential,Glen Park,-122.427029486125,37.737829552685
Single Family Residential,Castro/Upper Market,-122.43439761097,37.765974346322
Single Family Residential,Castro/Upper Market,-122.431945229768,37.766986940393
Multi-Family Residential,Sunset/Parkside,-122.484202207961,37.761135428571
Single Family Residential,Bernal Heights,-122.4100323479,37.738572926311
Single Family Residential,Sunset/Parkside,-122.491314829782,37.746593103673
Multi-Family Residential,Hayes Valley,-122.42222576961,37.776371592724
Single Family Residential,Financial District/South Beach,-122.392228755425,37.786064899275
Single Family Residential,Bernal Heights,-122.42036128356,37.742311009845
Single Family Residential,Financial District/South Beach,-122.393592756795,37.787024457214
Multi-Family Residential,West of Twin Peaks,-122.439248600121,37.731862931098
Single Family Residential,Marina,-122.440998722953,37.800761198039
Single Family Residential,West of Twin Peaks,-122.460980956485,37.727930667349
Single Family Residential,Bernal Heights,-122.416650703864,37.744737081872
Single Family Residential,West of Twin Peaks,-122.46387594753,37.728896554485
Single Family Residential,Sunset/Parkside,-122.508149397429,37.752560955354
Single Family Residential,Haight Ashbury,-122.449561544839,37.767662492772
Single Family Residential,Mission,-122.42630819632,37.768560110014
Single Family Residential,Twin Peaks,-122.449028007038,37.757733985746
Single Family Residential,Pacific Heights,-122.442461366287,37.791737737445
Single Family Residential,Mission Bay,-122.39418697491,37.77180553932
Single Family Residential,Twin Peaks,-122.45064478927,37.749014165449
Single Family Residential,Marina,-122.429837870931,37.798477148688
Single Family Residential,Sunset/Parkside,-122.477431478726,37.747861712263
Single Family Residential,Noe Valley,-122.442263341796,37.748600782201
Single Family Residential,Bayview Hunters Point,-122.384032797587,37.735250109585
Single Family Residential,Bernal Heights,-122.415338575886,37.740610791986
Single Family Residential,West of Twin Peaks,-122.465188545308,37.745716197309
Single Family Residential,Sunset/Parkside,-122.483588133819,37.753095112454
Single Family Residential,Oceanview/Merced/Ingleside,-122.467782968766,37.720298719796
Single Family Residential,Outer Mission,-122.433794619845,37.730831853823
Multi-Family Residential,Inner Sunset,-122.453427748404,37.765644321687
Single Family Residential,Outer Mission,-122.445449473497,37.714699948092
Single Family Residential,Presidio Heights,-122.457053704267,37.782471653365
Single Family Residential,Pacific Heights,-122.442730521998,37.789134018488
Single Family Residential,Potrero Hill,-122.401385156517,37.755672195516
Multi-Family Residential,Castro/Upper Market,-122.441596265857,37.760688216956
Multi-Family Residential,Outer Richmond,-122.480453330733,37.772993045923
Single Family Residential,Pacific Heights,-122.429498428749,37.790681400972
Single Family Residential,Pacific Heights,-122.443381169087,37.792523170464
Multi-Family Residential,Nob Hill,-122.414568522691,37.798527215669
Single Family Residential,Mission Bay,-122.399574741847,37.774378944515
Single Family Residential,Sunset/Parkside,-122.489169564061,37.746687929987
Multi-Family Residential,Russian Hill,-122.418341199512,37.797086820909
Multi-Family Residential,Seacliff,-122.473642674951,37.786913194959
Single Family Residential,Noe Valley,-122.436412006212,37.755635584365
Single Family Residential,Noe Valley,-122.43043474193,37.75175842648
Single Family Residential,Inner Sunset,-122.455223640701,37.765415210354
Single Family Residential,Nob Hill,-122.41485100699,37.790058386898
Multi-Family Residential,Marina,-122.438436425359,37.805156709061
Multi-Family Residential,Pacific Heights,-122.42691201162,37.792811280812
Single Family Residential,Sunset/Parkside,-122.500085254835,37.745468530737
Single Family Residential,West of Twin Peaks,-122.459290422278,37.745886850139
Single Family Residential,Bayview Hunters Point,-122.395681903,37.732146439396
Single Family Residential,Excelsior,-122.429007555795,37.711833632396
Single Family Residential,Glen Park,-122.437063294558,37.739725989286
Single Family Residential,Castro/Upper Market,-122.435010328181,37.763975563412004
Multi-Family Residential,Pacific Heights,-122.43569784083,37.78606386384
Single Family Residential,Sunset/Parkside,-122.481431906154,37.75298633185
Single Family Residential,Sunset/Parkside,-122.502476972214,37.761890471992
Single Family Residential,Haight Ashbury,-122.452329527215,37.765012166307
Single Family Residential,Inner Sunset,-122.475914561086,37.75682531328
Single Family Residential,Lone Mountain/USF,-122.454866668556,37.77906846436
Single Family Residential,South of Market,-122.409787455484,37.77799384171
Single Family Residential,Sunset/Parkside,-122.489241413329,37.744084293642
Single Family Residential,Excelsior,-122.432175881871,37.717338437533996
Multi-Family Residential,Noe Valley,-122.436073967498,37.75210131523
Single Family Residential,Mission,-122.418816092578,37.771586890027
Single Family Residential,Inner Sunset,-122.465026639955,37.752627407315
Single Family Residential,Castro/Upper Market,-122.427916187141,37.764957786152
Multi-Family Residential,Lone Mountain/USF,-122.442141815744,37.777965279562
Single Family Residential,Glen Park,-122.434303583494,37.737462605577
Single Family Residential,Pacific Heights,-122.4295084224,37.790133883548
Single Family Residential,Noe Valley,-122.442281439585,37.749432566525996
Single Family Residential,Inner Sunset,-122.474753754594,37.765052280769
Single Family Residential,Lone Mountain/USF,-122.456003513097,37.778468254853
Multi-Family Residential,Outer Richmond,-122.492512687762,37.776180782763
Single Family Residential,Sunset/Parkside,-122.491409956866,37.741937264864
Single Family Residential,Noe Valley,-122.424832480614,37.744044517456
Single Family Residential,Noe Valley,-122.444639174135,37.745615371122
Single Family Residential,Sunset/Parkside,-122.488530104093,37.753454085785
Single Family Residential,Mission Bay,-122.389624971823,37.780630229232
Single Family Residential,Sunset/Parkside,-122.482523136384,37.732968946279
Single Family Residential,Mission Bay,-122.394089394731,37.774703061052
Single Family Residential,Inner Sunset,-122.468703255095,37.756877502767
Single Family Residential,Excelsior,-122.425061323175,37.727084682884
Single Family Residential,Bayview Hunters Point,-122.394138352722,37.735506173424
Multi-Family Residential,Castro/Upper Market,-122.434144335041,37.761166539128
Multi-Family Residential,Western Addition,-122.440276375602,37.780700962935
Single Family Residential,Excelsior,-122.438360383102,37.709077230096
Single Family Residential,Excelsior,-122.430120615381,37.728750138486
Single Family Residential,Bayview Hunters Point,-122.402005010431,37.731643703811
Single Family Residential,Potrero Hill,-122.402985426977,37.764113719743
Single Family Residential,Outer Richmond,-122.497309880899,37.781189394924
Single Family Residential,Outer Richmond,-122.480545919946,37.777996593715
Single Family Residential,Sunset/Parkside,-122.498825345619,37.761775956144
Single Family Residential,Financial District/South Beach,-122.392228755425,37.786064899275
Single Family Residential,Bayview Hunters Point,-122.403113276051,37.736059415881
Single Family Residential,Oceanview/Merced/Ingleside,-122.467667844218,37.710481672448
Single Family Residential,Glen Park,-122.435705240545,37.735602725117
Single Family Residential,Russian Hill,-122.418453692725,37.801895218694
Single Family Residential,Marina,-122.445036118357,37.803896256313
Single Family Residential,West of Twin Peaks,-122.446623794648,37.737266282707
Single Family Residential,North Beach,-122.41244364628,37.804333014784
Single Family Residential,Sunset/Parkside,-122.498323960017,37.751652911718
Single Family Residential,West of Twin Peaks,-122.464025790917,37.748625307675
Multi-Family Residential,Pacific Heights,-122.427676674137,37.78804567546
Single Family Residential,Bayview Hunters Point,-122.369639191495,37.729001614672
Multi-Family Residential,Russian Hill,-122.42115011447,37.797264507837
Single Family Residential,Castro/Upper Market,-122.443019987621,37.75650396068
Single Family Residential,Western Addition,-122.421406325843,37.78138577763
Single Family Residential,Potrero Hill,-122.390099769115,37.759978185827
Single Family Residential,Oceanview/Merced/Ingleside,-122.463753184078,37.715961603631
Single Family Residential,Outer Richmond,-122.491456899192,37.776194591123
Single Family Residential,Sunset/Parkside,-122.480654376478,37.74114069085
Single Family Residential,Outer Richmond,-122.496779203517,37.77276417586
Single Family Residential,Potrero Hill,-122.390866474195,37.759689228865
Multi-Family Residential,Haight Ashbury,-122.437406734101,37.771599233174
Single Family Residential,Inner Richmond,-122.465403895611,37.786221823604
Single Family Residential,Visitacion Valley,-122.420322175608,37.709235599457
Single Family Residential,Outer Richmond,-122.501631369398,37.7720625274
Single Family Residential,Outer Richmond,-122.491465474606,37.773694513942
Single Family Residential,Bayview Hunters Point,-122.389399958493,37.729644025337
Single Family Residential,Bayview Hunters Point,-122.397009869854,37.717431036508
Single Family Residential,West of Twin Peaks,-122.459345739296,37.739213495157
Single Family Residential,Bayview Hunters Point,-122.391221135758,37.719338990423
Single Family Residential,Potrero Hill,-122.389491959596,37.763749104996
Single Family Residential,Sunset/Parkside,-122.502189021677,37.748393229391
Single Family Residential,Financial District/South Beach,-122.390972318505,37.78937583844
Multi-Family Residential,Inner Sunset,-122.462905064727,37.765451456411
Single Family Residential,Twin Peaks,-122.449645319898,37.754980253079
Single Family Residential,Sunset/Parkside,-122.49291683776,37.732597608163
Single Family Residential,Western Addition,-122.434791788913,37.778671915652
Multi-Family Residential,Western Addition,-122.432989691607,37.777893329917
Single Family Residential,West of Twin Peaks,-122.450839752559,37.733603627194
Single Family Residential,Noe Valley,-122.438720865507,37.750245210417
Single Family Residential,Excelsior,-122.431455870217,37.709294250414
Single Family Residential,West of Twin Peaks,-122.458431586381,37.738150029129
Single Family Residential,Portola,-122.408395912666,37.723990138525
Single Family Residential,Sunset/Parkside,-122.483597679059,37.753232220493
Single Family Residential,Marina,-122.427352417158,37.799835119950004
Single Family Residential,Sunset/Parkside,-122.482213597329,37.754752522782
Single Family Residential,Japantown,-122.425831109429,37.786361169011
Single Family Residential,Outer Richmond,-122.49385584951,37.776977240999
Single Family Residential,Outer Richmond,-122.488511457834,37.777496129935
Single Family Residential,West of Twin Peaks,-122.465518359255,37.749539455618
Single Family Residential,South of Market,-122.401537447436,37.773727071663004
Single Family Residential,Marina,-122.434976940891,37.796426519251
Single Family Residential,West of Twin Peaks,-122.462615868314,37.72472228959
Multi-Family Residential,Twin Peaks,-122.445346227147,37.751749466626
Single Family Residential,Financial District/South Beach,-122.395924575589,37.790542489944
Single Family Residential,Potrero Hill,-122.388172339122,37.763966617484
Single Family Residential,Bernal Heights,-122.407831671573,37.743712573502
Single Family Residential,Inner Sunset,-122.45376612765,37.762855972531
Single Family Residential,Inner Sunset,-122.471454692173,37.75376113877
Multi-Family Residential,Noe Valley,-122.428901774684,37.748635807661
Single Family Residential,Lone Mountain/USF,-122.457191581701,37.775681099498
Single Family Residential,Pacific Heights,-122.436841159763,37.793872212773
Single Family Residential,Castro/Upper Market,-122.431415886897,37.761663426652
Multi-Family Residential,Nob Hill,-122.412900820337,37.78790571898
Multi-Family Residential,North Beach,-122.408402119588,37.800361212807
Single Family Residential,Sunset/Parkside,-122.5068580796,37.750779694704
Single Family Residential,Excelsior,-122.434245714355,37.721608935801
Single Family Residential,Nob Hill,-122.41272669553,37.789945184696
Single Family Residential,Inner Sunset,-122.465166531582,37.752316412447
Single Family Residential,Bayview Hunters Point,-122.403454344689,37.736039273245
Single Family Residential,Financial District/South Beach,-122.404078374596,37.80346874066
Single Family Residential,Financial District/South Beach,-122.397791414821,37.79762856622
Single Family Residential,Potrero Hill,-122.400268206916,37.754152757101
Single Family Residential,Sunset/Parkside,-122.501216568074,37.759320357849
Single Family Residential,Russian Hill,-122.415667133418,37.80182664327
Single Family Residential,Portola,-122.417439224363,37.73119097796
Multi-Family Residential,Inner Sunset,-122.470368337128,37.765313558492
Single Family Residential,Sunset/Parkside,-122.498856777428,37.74091891087
Single Family Residential,Excelsior,-122.426171712018,37.71022179616
Single Family Residential,Sunset/Parkside,-122.507456570563,37.747491208475
Multi-Family Residential,Outer Richmond,-122.496913293228,37.773718750127
Multi-Family Residential,North Beach,-122.404773378801,37.800793222058
Single Family Residential,Visitacion Valley,-122.412316517144,37.712536397712
Single Family Residential,Financial District/South Beach,-122.395924575589,37.790542489944
Single Family Residential,Nob Hill,-122.41500145037,37.79705276858
Single Family Residential,Bayview Hunters Point,-122.385303958865,37.737722357385
Multi-Family Residential,Nob Hill,-122.414338781102,37.791076939759
Single Family Residential,Inner Richmond,-122.467737627579,37.776816448694
Single Family Residential,Sunset/Parkside,-122.498138269096,37.7535196321
Single Family Residential,West of Twin Peaks,-122.458092088046,37.743807717296
Single Family Residential,South of Market,-122.397636048063,37.777916469851
Single Family Residential,Noe Valley,-122.431524097362,37.744885723253
Multi-Family Residential,Inner Sunset,-122.471219309732,37.760236814882
Multi-Family Residential,Western Addition,-122.435460033423,37.777926111177
Single Family Residential,Castro/Upper Market,-122.430795171827,37.76007462764
Single Family Residential,Sunset/Parkside,-122.489584855238,37.746669576028
Single Family Residential,Inner Richmond,-122.471231905063,37.777711503341
Single Family Residential,Presidio Heights,-122.452153187771,37.789599939286
Multi-Family Residential,Inner Richmond,-122.459627166625,37.780610474594
Single Family Residential,Lone Mountain/USF,-122.448334650322,37.781189631841
Single Family Residential,West of Twin Peaks,-122.459773856686,37.74647399412
Single Family Residential,West of Twin Peaks,-122.445332878454,37.733315035011
Single Family Residential,Financial District/South Beach,-122.401372293129,37.786291331837
Single Family Residential,Inner Sunset,-122.467675976401,37.763489676704
Single Family Residential,Bayview Hunters Point,-122.395833748114,37.735109903468
Single Family Residential,Castro/Upper Market,-122.440848959809,37.761932865356
Single Family Residential,Mission,-122.409444657328,37.761571747893
Single Family Residential,Potrero Hill,-122.399076715854,37.75143315766
Multi-Family Residential,Hayes Valley,-122.424214817429,37.772612498833
Single Family Residential,Oceanview/Merced/Ingleside,-122.465631407048,37.719253715304
Single Family Residential,Excelsior,-122.42046104418,37.730313713166
Single Family Residential,Sunset/Parkside,-122.503140646095,37.756044393627
Single Family Residential,Inner Sunset,-122.464994022013,37.765204623559
Single Family Residential,North Beach,-122.40550410448,37.804243983928004
Single Family Residential,South of Market,-122.41263624581,37.778703895946
Single Family Residential,Noe Valley,-122.441519771296,37.746321256754
Multi-Family Residential,Western Addition,-122.428439508237,37.784235916681
Single Family Residential,Glen Park,-122.432347644334,37.735774553395
Single Family Residential,Noe Valley,-122.427091991341,37.754736524069
Single Family Residential,Noe Valley,-122.444661162819,37.745792892783
Single Family Residential,Bayview Hunters Point,-122.390526962794,37.720228867875
Single Family Residential,Noe Valley,-122.428115929508,37.748193969127
Multi-Family Residential,Hayes Valley,-122.428957509067,37.776382951117
Single Family Residential,Sunset/Parkside,-122.490686636806,37.747033466581
Multi-Family Residential,Outer Richmond,-122.480815085605,37.77442504181
Single Family Residential,Outer Mission,-122.445924890497,37.715829424931
Single Family Residential,Inner Sunset,-122.467317361433,37.752354411979
Multi-Family Residential,Noe Valley,-122.427221566746,37.746538980222
Multi-Family Residential,Inner Richmond,-122.460803686689,37.782070632666
Single Family Residential,Financial District/South Beach,-122.390972318505,37.78937583844
Single Family Residential,Financial District/South Beach,-122.393579623893,37.783699513138004
Single Family Residential,Russian Hill,-122.416797346259,37.798791533054
Single Family Residential,Bayview Hunters Point,-122.390182064274,37.728295064252
Single Family Residential,Bayview Hunters Point,-122.392410411156,37.73736046065
Single Family Residential,Financial District/South Beach,-122.404318780138,37.786217333195
Single Family Residential,West of Twin Peaks,-122.465903125501,37.734224670941
Single Family Residential,Marina,-122.424748210142,37.800123674811
Single Family Residential,Sunset/Parkside,-122.506500090328,37.757965230617
Single Family Residential,Outer Mission,-122.444567406495,37.717559701752
Multi-Family Residential,Mission,-122.423612786644,37.762793286748
Single Family Residential,Bernal Heights,-122.41285130673,37.740557243799
Single Family Residential,Presidio Heights,-122.45046725978,37.787437302492
Single Family Residential,Marina,-122.434467419553,37.798521088722
Single Family Residential,Outer Richmond,-122.48780708355,37.782580990775
Single Family Residential,Inner Richmond,-122.466957455688,37.777451296006
Single Family Residential,West of Twin Peaks,-122.450288629898,37.736479029714
Single Family Residential,South of Market,-122.409651931969,37.775786038909
Single Family Residential,Inner Sunset,-122.4733354301,37.76033848496
Single Family Residential,Outer Mission,-122.447350730653,37.714400361257
Single Family Residential,Nob Hill,-122.41309878873,37.796460562782
Multi-Family Residential,Glen Park,-122.427818930693,37.736026457888
Multi-Family Residential,North Beach,-122.404530134003,37.798441406046
Single Family Residential,Noe Valley,-122.430780461344,37.749324490244
Single Family Residential,West of Twin Peaks,-122.470376126225,37.72471001701
Single Family Residential,Excelsior,-122.435105895173,37.716150115999
Single Family Residential,Sunset/Parkside,-122.503170698952,37.763933065051
Single Family Residential,Nob Hill,-122.413658349661,37.791088946268
Single Family Residential,Inner Sunset,-122.472137411852,37.750444867116
Single Family Residential,Pacific Heights,-122.427737955352,37.794519147875
Single Family Residential,Bayview Hunters Point,-122.389152919722,37.716476397652
Single Family Residential,Western Addition,-122.421406325843,37.78138577763
Single Family Residential,Excelsior,-122.432610111089,37.722862370853
Single Family Residential,Sunset/Parkside,-122.505038818773,37.752421329683
Single Family Residential,Inner Sunset,-122.461284708137,37.764847032261
Single Family Residential,Bayview Hunters Point,-122.389999667402,37.729095453552
Single Family Residential,Outer Richmond,-122.507721483681,37.779626948918
Multi-Family Residential,Castro/Upper Market,-122.43633463174,37.768420984635
Single Family Residential,Financial District/South Beach,-122.394313301728,37.78612807773
Multi-Family Residential,Noe Valley,-122.428058985528,37.756236687458
Single Family Residential,Inner Sunset,-122.47318438671,37.764500922277
Single Family Residential,Sunset/Parkside,-122.50057861971,37.740775886918
Multi-Family Residential,Mission,-122.408178207941,37.754285861205
Single Family Residential,West of Twin Peaks,-122.463617885094,37.739188705573
Single Family Residential,Sunset/Parkside,-122.496976153019,37.743840485017
Single Family Residential,Excelsior,-122.430627183684,37.726386345871
Single Family Residential,West of Twin Peaks,-122.447505249755,37.742267073026
Single Family Residential,West of Twin Peaks,-122.462965777706,37.747960454904
Single Family Residential,Excelsior,-122.437924438636,37.709644555881
Single Family Residential,Excelsior,-122.42637021206,37.730458192439
Single Family Residential,Marina,-122.429117769446,37.798106454788
Single Family Residential,Pacific Heights,-122.442455002765,37.790806247022
Single Family Residential,Bernal Heights,-122.410505031101,37.737565137299
Single Family Residential,Haight Ashbury,-122.435655198596,37.771212658187
Multi-Family Residential,Noe Valley,-122.427235244834,37.746675867745
Multi-Family Residential,Marina,-122.432027881728,37.799728670765
Single Family Residential,Excelsior,-122.428954540796,37.716160072597
Single Family Residential,Sunset/Parkside,-122.4816936874,37.756167501872
Single Family Residential,Sunset/Parkside,-122.477589384679,37.732896163515
Single Family Residential,Sunset/Parkside,-122.491334431875,37.748116422996
Multi-Family Residential,Mission,-122.420259568586,37.758209574632
Single Family Residential,Presidio Heights,-122.455076573423,37.784256060957
Multi-Family Residential,Inner Sunset,-122.471978308122,37.76335424322
Single Family Residential,West of Twin Peaks,-122.470506843479,37.742106271777
Single Family Residential,South of Market,-122.407690064105,37.783146820973
Single Family Residential,Bayview Hunters Point,-122.398857717067,37.722462539662
Single Family Residential,West of Twin Peaks,-122.474795160511,37.72075995158
Single Family Residential,Oceanview/Merced/Ingleside,-122.450208091973,37.717310244984
Single Family Residential,Outer Richmond,-122.495205557735,37.780760799101
Single Family Residential,Sunset/Parkside,-122.481998308543,37.737645128739
Single Family Residential,West of Twin Peaks,-122.462319932089,37.726959012399
Single Family Residential,Russian Hill,-122.422949205589,37.800457032494
Single Family Residential,Nob Hill,-122.410493775543,37.789268958146
Single Family Residential,Financial District/South Beach,-122.398166733321,37.792217424979
Single Family Residential,Potrero Hill,-122.401263606521,37.764589554224
Single Family Residential,Mission,-122.424644985652,37.750543995123
Single Family Residential,Mission,-122.408129069229,37.749313380821
Single Family Residential,Mission,-122.416126137418,37.758632416841
Single Family Residential,West of Twin Peaks,-122.456687354385,37.726625155025
Single Family Residential,Sunset/Parkside,-122.477310807717,37.746092368267
Single Family Residential,Sunset/Parkside,-122.482475537075,37.752596453817
Single Family Residential,Oceanview/Merced/Ingleside,-122.467752694127,37.717243704812
Single Family Residential,Sunset/Parkside,-122.486231233533,37.750764181408
Single Family Residential,Outer Mission,-122.441502909984,37.726337790868
Single Family Residential,Outer Mission,-122.444150850064,37.714903561326
Multi-Family Residential,Mission,-122.422665094599,37.76464961861
Single Family Residential,Excelsior,-122.423631105798,37.723929973627
Single Family Residential,West of Twin Peaks,-122.466952021722,37.742424026335
Multi-Family Residential,Financial District/South Beach,-122.395924575589,37.790542489944
Single Family Residential,Outer Richmond,-122.476852489322,37.78574892769
Multi-Family Residential,Seacliff,-122.486941541439,37.785912087214
Single Family Residential,Sunset/Parkside,-122.479315787807,37.753489918957
Single Family Residential,Mission,-122.421951373961,37.750616950686
Multi-Family Residential,Oceanview/Merced/Ingleside,-122.461938058263,37.724897468055
Single Family Residential,Castro/Upper Market,-122.440615436091,37.762330615811
Single Family Residential,Outer Mission,-122.442757129398,37.722791535028
Single Family Residential,Castro/Upper Market,-122.44312797554,37.758743742294
Single Family Residential,Outer Richmond,-122.507096997922,37.772699755025
Multi-Family Residential,Oceanview/Merced/Ingleside,-122.463263797763,37.71408295557
Single Family Residential,Russian Hill,-122.416478291593,37.798831830051
Single Family Residential,Bernal Heights,-122.408375717054,37.741977068182
Single Family Residential,Outer Richmond,-122.476733977382,37.783783070633
Single Family Residential,Inner Sunset,-122.467092958345,37.755146748307
Multi-Family Residential,Presidio Heights,-122.453717090754,37.786600194101
Single Family Residential,Financial District/South Beach,-122.392228755425,37.786064899275
Single Family Residential,Mission Bay,-122.396240857783,37.773929713267
Single Family Residential,West of Twin Peaks,-122.455951516,37.735118439707
Single Family Residential,West of Twin Peaks,-122.454362792479,37.732144102048
Single Family Residential,West of Twin Peaks,-122.475635088618,37.747491638373
Single Family Residential,Excelsior,-122.421724573059,37.727227751665
Single Family Residential,Pacific Heights,-122.433644715033,37.786252515093
Single Family Residential,Portola,-122.41621724421,37.724103905554
Single Family Residential,Inner Sunset,-122.474449577382,37.760704862055
Multi-Family Residential,Outer Richmond,-122.491017548762,37.773852498118
Single Family Residential,Excelsior,-122.429847684133,37.723099334785
Single Family Residential,Oceanview/Merced/Ingleside,-122.470845251477,37.714054965459
Single Family Residential,West of Twin Peaks,-122.474794753613,37.720670703196
Single Family Residential,Hayes Valley,-122.426256030386,37.770086206262
Single Family Residential,Castro/Upper Market,-122.445570651128,37.759986084905
Multi-Family Residential,Castro/Upper Market,-122.44217462508,37.761287690595
Single Family Residential,Twin Peaks,-122.441164531915,37.758782457038
Single Family Residential,Presidio Heights,-122.443579494239,37.785435045518
Single Family Residential,Noe Valley,-122.434839413539,37.748590768375
Single Family Residential,Sunset/Parkside,-122.497255227576,37.739399287551
Single Family Residential,Bayview Hunters Point,-122.395135512405,37.725074117667
Multi-Family Residential,Pacific Heights,-122.427616640853,37.789937464309
Single Family Residential,Bernal Heights,-122.419900415518,37.741307246586
Single Family Residential,Inner Sunset,-122.472914020007,37.760634804544
Single Family Residential,Sunset/Parkside,-122.499916399241,37.746625089166
Single Family Residential,Sunset/Parkside,-122.479710292982,37.749729996571
Single Family Residential,Sunset/Parkside,-122.490822228785,37.754925422838
Single Family Residential,Marina,-122.442662065217,37.801640371668
Multi-Family Residential,Presidio Heights,-122.443759979617,37.783512227057
Commercial Office,Castro/Upper Market,-122.436322426403,37.761001795131
Commercial Office,Financial District/South Beach,-122.403341461368,37.788599905893
Commercial Office,Nob Hill,-122.409757420848,37.788407134233
Commercial Office,Castro/Upper Market,-122.435257989652,37.760681917019
Commercial Office,Financial District/South Beach,-122.397236544789,37.78795497224
Commercial Office,Nob Hill,-122.409757420848,37.788407134233
Commercial Office,Financial District/South Beach,-122.392606150301,37.779369193341
Commercial Office,Financial District/South Beach,-122.401858483778,37.797788381384
Commercial Office,Financial District/South Beach,-122.404070365046,37.787584033443
Commercial Office,Outer Richmond,-122.484933924001,37.780391247689
Commercial Office,Financial District/South Beach,-122.403324282871,37.788446671542
Commercial Office,Chinatown,-122.40158254332,37.797049842609
Commercial Office,Mission,-122.413200169086,37.760290307072
Commercial Office,Financial District/South Beach,-122.401188433545,37.788770485147
Commercial Office,Presidio Heights,-122.457046420462,37.781656020104
Commercial Office,Mission,-122.418604508891,37.757258433385
Commercial Office,Financial District/South Beach,-122.403879310264,37.788501528173
Commercial Office,Financial District/South Beach,-122.396968989944,37.793896237901
Commercial Office,North Beach,-122.413794970959,37.802996375478
Commercial Office,Financial District/South Beach,-122.39790638721,37.789763526174
Commercial Office,Financial District/South Beach,-122.391231773522,37.780696827785
Commercial Office,Nob Hill,-122.409757420848,37.788407134233
Commercial Office,Mission Bay,-122.386979775588,37.769433519419
Commercial Office,Financial District/South Beach,-122.40614101956,37.792209551212
Commercial Office,Pacific Heights,-122.43462512474,37.791283740101
Commercial Office,Russian Hill,-122.422572077986,37.795174223074
Commercial Office,South of Market,-122.414685191674,37.774676847202
Commercial Office,Lone Mountain/USF,-122.452005350605,37.773467731424
Commercial Office,Nob Hill,-122.409757420848,37.788407134233
Commercial Office,Financial District/South Beach,-122.405550567963,37.789483094013
Commercial Office,Mission,-122.414514896845,37.771824097498
Commercial Office,Financial District/South Beach,-122.40481264423,37.790396059492
Commercial Office,Financial District/South Beach,-122.389757322741,37.789803253223
Commercial Office,Chinatown,-122.408316235728,37.793845062698
Commercial Office,Nob Hill,-122.409757420848,37.788407134233
Commercial Office,Sunset/Parkside,-122.486853988784,37.761121793339
Commercial Office,Sunset/Parkside,-122.477388061404,37.763373963931
Commercial Office,Financial District/South Beach,-122.391388332904,37.780822242242
Commercial Office,Hayes Valley,-122.4303692555,37.769918816027
Commercial Office,Western Addition,-122.423381199524,37.780907376432
Commercial Office,Pacific Heights,-122.438450311526,37.785732580166
Commercial Office,Financial District/South Beach,-122.401398808399,37.798160429342
Commercial Office,South of Market,-122.409053909993,37.771159046418
Commercial Office,Financial District/South Beach,-122.394339704125,37.791882044314
Commercial Office,Tenderloin,-122.419778989137,37.781377459568
Commercial Office,Japantown,-122.428985199937,37.785266027153
Commercial Office,Inner Richmond,-122.47019421607,37.78106213716
Commercial Office,Pacific Heights,-122.440590145012,37.78544313124
Commercial Office,Tenderloin,-122.419194412107,37.781883026774
Commercial Office,Presidio Heights,-122.453661570187,37.786126915768
Commercial Office,Financial District/South Beach,-122.402567038391,37.793148909153
Commercial Office,Western Addition,-122.422866627988,37.78714233628
Commercial Office,Nob Hill,-122.409757420848,37.788407134233
Commercial Office,Presidio Heights,-122.454035816666,37.786079274613996
Commercial Office,South of Market,-122.41127834716,37.780910912389
Commercial Office,Western Addition,-122.421281938815,37.7831539453
Commercial Office,Mission,-122.406800697386,37.761416425624
Commercial Office,Russian Hill,-122.42198848285,37.795571449409
Commercial Office,Hayes Valley,-122.419850149625,37.776062821999
Commercial Office,Financial District/South Beach,-122.399088564491,37.799025474413
Commercial Office,Financial District/South Beach,-122.405579053662,37.78923329566
Commercial Office,Financial District/South Beach,-122.400118642296,37.790854025012
Commercial Office,Tenderloin,-122.414645014193,37.782052350685
Commercial Office,North Beach,-122.403439982001,37.802691689897
Commercial Office,Financial District/South Beach,-122.401269491182,37.797863397305
Commercial Office,Chinatown,-122.404862185523,37.793903728661
Commercial Office,West of Twin Peaks,-122.473168444778,37.73140086751
Commercial Office,South of Market,-122.396007102552,37.777124024942
Commercial Office,West of Twin Peaks,-122.47065433496,37.730331854159
Commercial Office,West of Twin Peaks,-122.469226637788,37.729692442274
Commercial Office,North Beach,-122.403367228166,37.797502024763
Commercial Office,South of Market,-122.394064311525,37.779403011845
Commercial Office,South of Market,-122.409531035578,37.782280704004
Commercial Office,South of Market,-122.408306558592,37.774578177114
Commercial Office,Financial District/South Beach,-122.399518858,37.789604683613
Commercial Office,Chinatown,-122.405294570997,37.796027062097
Commercial Office,Mission,-122.415416144727,37.770896464565
Commercial Office,Russian Hill,-122.421960061817,37.795213867957
Commercial Office,Financial District/South Beach,-122.400167230824,37.798399817991
Commercial Office,Mission,-122.420072553695,37.749596956971
Commercial Office,Chinatown,-122.409707282783,37.795760006074
Commercial Office,Mission,-122.41328765479,37.76437686879
Commercial Office,Potrero Hill,-122.397581267491,37.759719852249
Commercial Office,Tenderloin,-122.419006575959,37.783819196981
Commercial Office,Financial District/South Beach,-122.397399785302,37.789332524023
Commercial Office,Nob Hill,-122.409757420848,37.788407134233
Commercial Office,Western Addition,-122.421281938815,37.7831539453
Commercial Office,Pacific Heights,-122.423962475868,37.796289002398
Commercial Office,Chinatown,-122.403526896442,37.794836063818
Commercial Office,Japantown,-122.438566302606,37.784044563404
Commercial Office,South of Market,-122.403588205762,37.780732169854
Commercial Office,Mission,-122.418141940041,37.752834597147
Commercial Office,Financial District/South Beach,-122.391746926722,37.792408471177
Commercial Office,Financial District/South Beach,-122.391710193842,37.784210075927
Commercial Office,Bayview Hunters Point,-122.387597777419,37.725783100121
Commercial Office,Chinatown,-122.407059842932,37.794470332369
Commercial Office,Sunset/Parkside,-122.504303735813,37.760248680328
Commercial Office,Financial District/South Beach,-122.394266472169,37.78951790122
Commercial Office,South of Market,-122.404924926354,37.772384945843
Commercial Office,Financial District/South Beach,-122.392063692026,37.783834440118