{
  "outputs": {
    "avg_sugar": [
      {
        "op": "filter",
        "field": "color",
        "comparison": "eq",
        "value": "white"
      },
      {
        "op": "get",
        "field": "sugar"
      },
      {
        "op": "mean"
      }
    ],
    "avg_vision": [
      {
        "op": "filter",
        "field": "color",
        "comparison": "eq",
        "value": "white"
      },
      {
        "op": "get",
        "field": "search_radius"
      },
      {
        "op": "mean"
      }
    ],
    "avg_metabolism": [
      {
        "op": "filter",
        "field": "color",
        "comparison": "eq",
        "value": "white"
      },
      {
        "op": "get",
        "field": "metabolism"
      },
      {
        "op": "mean"
      }
    ],
    "gini_coefficient": [
      {
        "op": "filter",
        "field": "agent_name",
        "comparison": "eq",
        "value": "gini"
      },
      {
        "op": "get",
        "field": "gini_value"
      },
      {
        "op": "mean"
      }
    ]
  },
  "plots": [
    {
      "title": "Average Sugar",
      "timeseries": [
        "avg_sugar"
      ],
      "layout": {
        "height": "50%",
        "width": "100%",
        "hideLegend": false,
        "hideCollatedLegend": false
      },
      "position": {
        "x": "0%",
        "y": "0%"
      }
    },
    {
      "title": "Average Vision",
      "timeseries": [
        "avg_vision"
      ],
      "layout": {
        "height": "50%",
        "width": "100%",
        "hideLegend": false,
        "hideCollatedLegend": false
      },
      "position": {
        "x": "0%",
        "y": "50%"
      }
    },
    {
      "title": "Average Metabolism",
      "timeseries": [
        "avg_metabolism"
      ],
      "layout": {
        "height": "50%",
        "width": "100%",
        "hideLegend": false,
        "hideCollatedLegend": false
      },
      "position": {
        "x": "0%",
        "y": "100%"
      }
    },
    {
      "title": "Gini Coefficient",
      "timeseries": [
        "gini_coefficient"
      ],
      "layout": {
        "height": "50%",
        "width": "100%",
        "hideLegend": false,
        "hideCollatedLegend": false
      },
      "position": {
        "x": "0%",
        "y": "150%"
      }
    }
  ]
}
