[
  {
    "position": [0, 0],
    "color": "blue",
    "height": 1,
    "behaviors": ["new_behavior.js"]
  },
  {
    "name": "creator",
    "behaviors": [
      "@hash/create-scatters/create_scatters.js",
      "@hash/create-agents/create_agents.js",
      "@hash/remove-self/remove_self.js"
    ],
    "scatter_templates": [
      {
        "template_name": "randomly_moving",
        "template_count": 10,
        "color": "green",
        "height": 1,
        "behaviors": ["@hash/random-movement/random_movement.rs"]
      }
    ]
  }
]