{
	"keys": {
		"social_distancing": {
			"nullable": false,
			"type": "boolean"
		},
		"icu": {
			"nullable": false,
			"type": "boolean"
		},
		"out": {
			"nullable": false,
			"type": "boolean"
		},
		"destination": {
			"nullable": true,
			"type": "list",
			"child": {
				"type": "number",
				"nullable": true
			}
		},
		"hospital": {
			"nullable": false,
			"type": "list",
			"child": {
				"type": "number",
				"nullable": true
			}
		},
		"home": {
			"nullable": false,
			"type": "list",
			"child": {
				"type": "number",
				"nullable": true
			}
		},
		"office": {
			"nullable": false,
			"type": "list",
			"child": {
				"type": "number",
				"nullable": true
			}
		},
		"grocery": {
			"nullable": false,
			"type": "list",
			"child": {
				"type": "number",
				"nullable": true
			}
		},
		"deceased": {
			"nullable": false,
			"type": "boolean"
		}
	},
	"built_in_key_use": null
}