{
  "topology": {
    "x_bounds": [0, 200],
    "y_bounds": [0, 200],
    "search_radius": 5
  },
  "infectedCount": 2,
  "infection_rate": 1,
  "contraction_rate": 0.015,
  "infection_radius": 1,
  "immunity_proportion": 1.0,
  "duration_range": 100,
  "duration_min": 432,
  "time_to_symptoms" : 144,
  "max_notice_symptoms": 300,
  "people_per_home": 2,
  "destinations": ["home", "grocery", "office"],
  "leave_chance": 0.01,
  "chance_of_severe": 0.25,
  "at_risk_chance_of_severe": 0.75,
  "severe_mortality_rate": 0.00003,
  "at_risk_percent": 0.07,
  "false_negative": 0,
  "testing_available": true,
  "chance_start_social_distancing": 0.80,
  "time_til_social_distancing": 100,
  "building_colors": {
    "homes": "yellow",
    "offices": "grey",
    "groceries": "purple"
  },
  "scatter_templates": [
      {
        "template_name": "homes",
        "template_count": 200,
        "height": 2,
        "color": "yellow",
        "shape": "house",
        "scale": [2, 2, 2],
        "behaviors": ["building_infection.js"],
        "search_radius": 0,
        "occupancy": 0
      },
      {
        "template_name": "groceries",
        "template_count": 20,
        "height": 5,
        "shape": "store",
        "scale": [3, 3, 1],
        "color": "purple",
        "behaviors": ["building_infection.js"],
        "search_radius": 0,
        "occupancy": 0
      },
      {
        "template_name": "offices",
        "template_count": 30,
        "height": 20,
        "color": "grey",
        "shape": "skyscraper",
        "scale": [15, 15, 1],
        "behaviors": ["building_infection.js"],
        "search_radius": 0,
        "occupancy": 0
      }
    ]
}