{
    "Startup Rate": {
        "type": "arange",
        "steps": 300,
        "field": "startup_rate",
        "start": 0.05,
        "stop": 0.9,
        "increment": 0.05
    },
    "max_price_arange": {
        "steps": 100,
        "type": "arange",
        "field": "max_price",
        "start": 30,
        "stop": 100,
        "increment": 10
    },
    "min_price_arange": {
        "steps": 100,
        "type": "arange",
        "field": "min_price",
        "start": 5,
        "stop": 25,
        "increment": 5        
    },
    "max_cost_arange": {
        "steps": 100,
        "type": "arange",
        "field": "max_cost",
        "start": 10,
        "stop": 20,
        "increment": 2
    },
    "min_cost_arange": {
        "steps": 100,
        "type": "arange",
        "field": "min_cost",
        "start": 0,
        "stop": 10,
        "increment": 2
    }
}